age,gender,height_cm,weight_kg,workout_days_per_week,daily_calories,protein_intake_g,daily_steps,bmr,tdee,weekly_fat_loss_kg
56,female,169.8,76.6,5,2298,167.9,7908,1386.44,2537.01,0.1761
46,male,173.9,76.1,0,2217,121.2,9363,1622.3,2164.91,-0.0511
32,female,160.5,71.4,2,2341,118.6,7596,1396.05,2049.37,-0.2599
60,male,195.6,101.7,4,1563,194.5,1529,1944.53,3014.02,1.3208
25,female,170.3,95.8,0,2332,165.8,10449,1736.45,2356.19,0.0617
38,male,178.1,83.1,4,1937,188.0,12675,1759.38,3110.79,1.0623
56,male,179.7,80.0,1,2031,150.0,10710,1648.31,2551.92,0.4166
36,male,189.7,72.6,4,2423,159.7,1000,1736.41,2691.44,0.3501
40,female,173.2,71.9,2,2246,142.3,8627,1440.24,2161.68,-0.0973
28,male,171.2,76.0,0,2123,165.2,6333,1695.23,2100.92,0.0091
28,female,145.0,59.5,7,1306,103.1,4789,1200.54,2281.04,0.8416
41,male,176.6,74.6,5,1984,166.4,7806,1649.59,2985.85,0.9181
53,female,160.5,84.8,7,1725,142.0,7127,1424.9,2813.67,0.9655
57,male,191.1,86.2,2,2249,167.8,8771,1776.31,2630.97,0.2627
41,female,161.4,73.6,6,2347,118.7,7641,1378.09,2509.26,0.1392
20,male,169.8,71.0,2,1894,133.2,4697,1675.98,2304.47,0.3714
39,male,172.0,86.8,6,1767,149.2,6058,1753.47,3077.63,1.1853
19,male,177.5,78.2,0,2545,130.3,5655,1801.29,2194.3,-0.3113
41,male,186.8,79.9,5,1789,189.1,3208,1766.22,3046.73,1.1354
61,female,165.1,61.6,2,1582,96.2,4070,1182.04,1625.3,0.0415
47,male,172.5,77.1,7,1709,168.7,6972,1619.16,3175.0,1.3382
55,female,155.5,65.5,6,1806,156.3,11059,1191.13,2357.65,0.5007
19,male,172.6,91.1,5,1699,129.4,6161,1900.22,3335.93,1.4834
38,female,179.1,95.3,3,2296,200.1,5606,1721.92,2699.28,0.3399
50,male,172.0,67.5,3,1231,111.6,4546,1505.57,2333.64,1.0205
29,male,173.4,69.1,3,1691,99.5,7576,1634.57,2662.38,0.8745
39,female,150.4,65.5,4,1983,118.1,10448,1238.91,2192.71,0.1794
61,male,171.6,70.7,2,2074,165.1,12506,1479.65,2409.82,0.321
42,male,166.9,76.8,0,2592,108.5,8213,1606.32,2088.24,-0.4517
44,female,165.4,71.8,7,2541,142.8,7849,1371.05,2747.45,0.1669
59,female,155.3,72.1,0,1440,137.1,6141,1235.39,1539.52,0.1282
45,male,180.6,89.4,4,1332,203.2,6558,1802.52,2871.81,1.364
33,male,179.2,72.1,0,2009,107.1,9072,1681.5,2221.4,0.1624
32,female,158.7,79.4,6,1764,165.2,6712,1464.75,2612.29,0.7909
64,male,176.6,73.6,3,1583,153.2,7094,1524.86,2468.24,0.8575
61,male,171.8,94.5,7,2006,195.6,7436,1719.26,3388.39,1.2397
20,male,177.6,92.9,2,2081,217.6,6022,1943.7,2723.69,0.5969
54,female,161.9,71.9,0,1706,159.9,7312,1299.89,1675.47,-0.0639
24,female,163.4,65.8,0,1782,94.9,2451,1398.52,1678.22,-0.1218
38,male,177.0,70.4,1,1733,131.7,8872,1624.95,2427.91,0.6654
26,male,184.3,89.9,1,1856,161.7,13379,1925.78,3066.9,1.1118
56,male,180.5,81.0,1,2190,138.5,6119,1663.35,2343.06,0.1745
35,female,159.8,79.3,2,1623,146.9,8434,1456.07,2173.79,0.5335
21,male,173.0,95.5,3,1776,170.4,9628,1936.34,3232.72,1.2618
42,male,164.2,67.7,5,1860,124.1,10700,1498.35,2869.66,0.8818
31,female,157.9,61.2,3,1998,145.7,6839,1283.34,2081.13,0.0841
26,male,179.5,82.3,7,2097,122.6,2991,1820.44,3458.83,1.1875
43,female,165.8,83.8,3,2715,194.5,8168,1498.04,2480.36,-0.2447
19,male,185.3,75.9,2,2200,142.7,7821,1826.92,2653.07,0.4545
37,male,180.8,81.6,6,2209,165.2,6635,1765.91,3127.94,0.8195
45,male,182.4,93.0,6,1907,207.5,7166,1849.95,3299.46,1.2875
64,female,158.9,58.5,2,1657,102.9,7859,1096.96,1651.28,-0.0061
24,female,160.8,74.3,1,1815,135.9,8404,1466.81,2187.07,0.3177
61,female,166.2,70.5,0,1751,127.5,8299,1277.8,1698.31,-0.0982
25,male,183.9,83.7,4,2137,148.6,6955,1866.62,2991.01,0.7831
64,female,165.3,80.0,4,1422,186.1,8460,1352.23,2268.96,0.8136
52,male,182.8,84.0,5,2207,187.3,6787,1728.16,3070.42,0.765
31,male,174.0,70.2,0,1959,106.0,9105,1639.74,2172.94,0.1966
34,female,162.1,69.0,5,2257,104.0,5931,1372.0,2413.26,0.0968
53,male,180.4,92.6,1,1747,169.2,7682,1793.26,2599.83,0.7555
57,male,173.2,80.6,5,1685,120.7,3440,1607.94,2773.7,1.0004
21,male,173.4,84.7,0,1858,171.1,6575,1831.17,2276.15,0.4028
19,male,179.1,82.6,7,1849,127.5,8918,1855.2,3720.77,1.5
23,male,182.3,88.5,0,2282,170.2,4915,1914.74,2297.68,-0.0469
59,female,159.1,68.4,4,2279,96.3,6699,1222.23,1979.41,-0.286
21,male,168.9,69.8,6,2667,119.9,1487,1653.82,2852.84,0.1401
46,female,162.6,79.3,1,1827,164.7,4079,1417.86,1949.55,0.1025
35,female,168.3,84.8,7,1200,159.7,4733,1563.84,2971.3,1.4967
43,male,178.3,72.9,2,1857,173.5,7754,1634.02,2384.48,0.5118
61,male,178.7,75.8,7,2081,172.4,8333,1574.83,3158.82,0.9889
51,male,180.6,80.0,7,2250,140.7,7359,1678.92,3307.9,1.0042
27,female,155.7,83.0,5,2106,120.0,6543,1507.54,2677.65,0.4985
53,male,178.9,85.0,4,1826,190.9,6552,1707.75,2724.61,0.7741
31,female,154.6,59.0,5,2600,136.3,9290,1239.96,2353.43,-0.1805
48,male,185.0,82.5,5,1638,183.3,8032,1746.75,3164.75,1.4008
32,female,160.8,70.4,2,1904,107.6,6665,1388.02,1991.77,0.0576
25,male,168.7,66.5,1,1622,159.5,10733,1599.42,2485.85,0.7984
31,male,175.2,78.0,0,2007,129.4,12374,1725.16,2438.89,0.4178
40,female,177.5,77.5,3,2556,164.7,4385,1523.5,2361.42,-0.1735
57,female,164.3,71.1,5,1951,164.0,8806,1291.61,2418.32,0.4033
38,male,189.6,82.0,3,1953,134.2,15224,1820.08,3332.32,1.2409
33,female,168.3,87.5,1,1406,202.0,8200,1601.16,2361.59,0.8771
62,male,171.4,74.2,3,1900,126.8,7788,1508.05,2476.88,0.5308
35,female,163.0,73.8,5,2403,175.3,7360,1420.34,2568.09,0.1868
64,female,163.3,73.0,2,1912,122.8,8725,1270.18,1932.75,0.0102
41,male,179.1,76.6,3,1889,180.2,9387,1685.24,2831.47,0.8281
43,male,189.7,86.0,1,2387,125.0,4388,1835.15,2523.34,0.2013
42,male,179.5,81.3,1,1890,171.4,7433,1729.37,2499.54,0.5591
62,female,153.7,69.8,6,2452,134.9,1826,1187.45,2048.36,-0.3421
58,female,161.2,65.7,6,1550,123.3,6976,1213.06,2191.34,0.5983
46,male,175.8,77.5,2,2237,125.8,5243,1648.81,2279.27,0.0438
32,male,186.1,89.8,3,2576,189.2,8347,1906.85,3122.97,0.4902
62,female,158.1,69.7,3,2353,110.9,3359,1214.32,1882.2,-0.5
18,female,159.7,73.2,6,1346,142.9,6219,1478.96,2612.15,1.1187
42,female,170.3,78.0,0,1777,128.9,9916,1473.38,2013.86,0.2256
24,male,183.9,86.1,4,1915,202.9,5809,1895.84,2979.0,0.8854
26,male,180.8,85.8,1,2353,122.6,2737,1863.51,2562.33,0.192
41,male,171.1,75.6,0,1534,121.0,8143,1625.62,2107.89,0.5416
18,female,165.0,66.9,1,1643,109.9,6033,1449.31,2044.45,0.3896
61,male,174.1,68.6,7,1438,124.5,7035,1474.35,2903.01,1.3496
25,female,167.5,83.5,7,1711,136.4,5675,1596.3,3066.73,1.2613
41,male,162.8,79.4,0,1562,150.2,12435,1611.64,2305.71,0.7243
28,female,167.5,80.6,7,2559,183.0,3604,1551.11,2947.12,0.3855
34,female,163.7,80.1,6,1773,169.3,14583,1493.49,3055.42,1.1714
25,female,159.2,70.3,6,2242,139.2,6523,1412.05,2511.93,0.2415
52,male,185.7,78.6,4,2006,117.0,7958,1691.36,2769.51,0.6973
52,male,176.3,71.5,0,2001,149.7,6063,1561.56,1927.03,-0.0759
50,male,185.6,74.8,1,1793,117.2,5958,1662.79,2334.24,0.5256
22,female,158.8,81.1,3,2270,177.4,5537,1532.9,2402.84,0.1384
59,female,155.8,66.2,1,2054,109.2,9003,1179.1,1821.41,-0.2229
56,female,166.0,83.2,5,2034,151.1,3973,1428.24,2463.71,0.4305
58,female,164.2,72.4,6,1792,126.7,8410,1298.93,2411.16,0.5538
45,female,167.2,69.8,2,1850,157.7,2038,1356.98,1865.85,-0.0136
24,male,169.2,67.4,2,2206,102.8,8183,1615.82,2380.9,0.1586
26,female,156.0,65.5,6,2081,128.7,9622,1338.59,2540.16,0.3931
25,male,180.7,92.6,5,2043,142.9,4313,1935.66,3339.01,1.2061
29,male,173.4,69.4,2,1736,146.0,9196,1637.7,2461.63,0.6342
51,male,182.4,99.0,7,2680,228.3,7628,1880.6,3704.54,0.9275
50,male,186.6,77.3,6,1832,141.7,11496,1694.04,3247.01,1.3145
40,male,184.1,88.8,2,1989,167.7,5361,1843.94,2553.47,0.4914
41,female,168.9,74.9,6,1935,174.2,14539,1438.57,2958.48,0.9432
54,male,177.9,77.5,4,2684,148.8,1523,1621.58,2513.44,-0.1844
52,female,156.5,60.2,3,1898,113.7,6676,1159.34,1880.78,-0.0085
61,male,167.8,74.7,3,1866,147.8,3253,1495.79,2318.48,0.4282
57,male,182.1,72.7,1,2041,151.8,12127,1584.54,2535.09,0.4475
39,male,181.7,68.3,5,1757,102.9,6845,1628.45,2901.33,1.0411
44,male,168.5,76.8,6,2039,170.6,7070,1606.11,2874.04,0.7724
52,female,155.5,64.9,0,2830,119.1,8608,1199.7,1620.04,-0.5
18,male,178.9,94.0,1,2105,138.4,7487,1973.02,2837.25,0.6925
52,female,156.1,78.2,1,2092,171.0,6015,1336.77,1888.81,-0.1437
54,male,170.2,90.2,6,1749,160.3,4358,1700.83,2933.93,1.0497
64,female,164.8,68.7,6,2598,103.1,7921,1236.03,2278.19,-0.2379
31,female,162.7,74.3,1,2679,151.1,8447,1443.58,2157.27,-0.4831
20,female,165.9,53.7,1,2298,122.4,9238,1312.87,2017.1,-0.1959
18,male,178.0,77.8,3,2229,178.1,12281,1805.8,3163.04,0.8406
22,male,184.7,83.9,0,1918,197.8,2065,1888.45,2266.14,0.3379
43,male,178.8,81.7,7,2137,185.2,7330,1724.11,3392.3,1.1623
31,female,160.8,72.0,1,1708,101.0,10479,1408.85,2211.12,0.446
56,male,175.7,79.6,7,1606,141.7,7188,1618.97,3185.43,1.4382
44,male,170.4,55.0,3,1479,122.0,1654,1399.76,2169.63,0.6707
26,female,168.2,77.7,1,2144,137.3,4272,1537.55,2114.14,-0.0366
32,male,180.0,84.8,2,1518,169.8,8321,1818.16,2666.02,1.0315
32,female,166.4,85.6,1,1825,171.7,8230,1574.8,2326.86,0.4215
43,male,182.3,85.0,6,1979,150.0,9181,1778.73,3277.36,1.2277
59,male,178.4,79.2,5,2348,182.6,5547,1617.04,2816.74,0.4114
30,female,156.3,79.2,5,1798,150.7,8149,1457.57,2671.76,0.8307
49,male,183.2,63.6,1,2390,118.6,5135,1541.04,2125.67,-0.258
56,female,153.7,65.0,4,2329,155.9,8149,1169.85,1970.71,-0.2904
49,male,181.6,75.6,2,1625,143.1,7633,1651.1,2401.92,0.7304
21,male,174.3,78.2,0,2393,123.4,5447,1770.91,2147.44,-0.2301
47,female,156.4,52.8,1,1901,101.0,11395,1109.12,1844.79,-0.0729
54,female,168.5,86.4,7,1825,191.3,3235,1486.42,2824.19,0.8884
40,female,160.0,70.0,0,1902,152.4,7145,1338.87,1713.89,-0.1912
56,male,177.6,82.5,2,1999,180.5,5392,1660.17,2302.33,0.3079
62,female,158.0,72.9,1,1855,153.6,12085,1245.17,2066.36,0.1972
32,male,174.9,88.8,4,1706,146.9,8995,1826.46,3030.76,1.1708
60,male,165.8,59.7,3,1737,135.0,5876,1337.91,2117.57,0.3384
46,female,173.3,78.9,4,2049,180.9,6800,1480.7,2385.09,0.3019
53,male,184.4,92.1,6,1944,146.9,12153,1813.47,3485.88,1.3377
30,female,151.9,67.6,4,2185,103.4,5134,1314.05,2043.47,-0.1342
49,male,180.0,73.4,7,2018,174.3,3088,1618.88,3075.87,0.9831
24,male,183.3,77.7,3,2027,176.1,8227,1807.1,2962.35,0.8462
39,female,155.7,66.9,6,2207,153.5,8284,1286.83,2383.99,0.1681
45,female,161.6,66.9,3,2497,153.0,9165,1293.19,2212.7,-0.2436
19,female,163.7,72.5,5,2511,140.7,9181,1491.95,2782.66,0.237
59,female,156.9,82.7,3,2469,169.2,11926,1351.85,2441.67,-0.0031
62,female,161.3,67.8,1,2305,131.9,3204,1215.57,1671.41,-0.4563
23,female,167.3,71.4,0,2730,103.6,4492,1483.36,1780.04,-0.5
45,female,168.1,79.3,5,2153,170.2,9155,1458.0,2722.8,0.5074
45,male,177.3,78.4,5,2114,149.3,4735,1671.48,2883.3,0.7693
61,male,179.4,70.1,0,2785,143.6,3858,1522.57,1827.08,-0.4949
61,male,185.1,82.8,7,1200,157.6,12164,1685.41,3560.48,1.499
37,female,161.7,72.0,5,1925,136.2,3450,1384.36,2388.02,0.4131
47,female,168.2,83.5,3,2438,131.2,6621,1489.73,2390.13,-0.0056
28,male,181.6,73.9,4,2343,124.1,7351,1739.14,2813.21,0.3992
45,female,166.0,82.6,2,2898,128.7,10772,1477.5,2320.16,-0.4722
42,female,164.1,73.0,7,2038,116.6,2827,1384.85,2631.22,0.5313
56,male,172.2,68.6,3,1849,162.8,8538,1487.35,2482.29,0.553
50,female,156.8,60.1,6,1884,93.3,5274,1170.24,2032.36,0.1281
18,female,162.4,88.6,6,2111,147.8,9069,1649.74,3049.25,0.8513
44,male,183.2,81.2,4,2568,161.6,5232,1741.61,2711.1,0.1155
30,female,158.9,79.0,7,2572,158.8,11430,1472.35,3118.96,0.5307
58,male,191.7,72.6,7,1980,112.8,5247,1639.52,3127.43,1.0205
20,female,175.5,100.1,4,2089,219.5,1345,1836.47,2846.54,0.6933
56,female,152.5,75.8,7,1786,165.6,5527,1270.2,2439.73,0.6105
23,female,166.5,72.9,5,1822,119.3,6846,1493.37,2668.36,0.7729
25,male,169.9,74.0,1,2366,125.0,10205,1681.92,2572.89,0.2111
44,female,165.7,80.4,1,2561,188.1,4353,1459.09,2006.24,-0.5
26,female,160.4,77.6,7,1756,172.7,4403,1487.64,2826.52,0.9919
54,male,177.2,81.2,5,2085,170.4,9901,1654.62,3099.27,0.9416
50,female,163.8,73.8,5,1915,109.4,4061,1350.47,2329.57,0.406
59,male,160.2,76.6,0,2302,139.2,7052,1476.83,1874.79,-0.4453
61,female,153.9,55.3,0,1864,108.4,7103,1048.84,1363.76,-0.4395
41,male,178.0,77.1,2,1326,122.4,8043,1683.83,2467.42,1.0649
32,male,187.4,71.1,2,2351,131.5,5625,1727.3,2406.29,0.0377
49,male,181.3,86.4,2,1894,172.9,5182,1757.11,2425.12,0.4666
49,female,151.8,62.9,2,1930,108.7,8337,1171.86,1778.15,-0.1593
41,male,177.7,67.4,4,2152,147.0,5260,1585.08,2469.87,0.2576
58,female,165.6,68.2,4,2123,152.7,4100,1265.45,1961.45,-0.1273
29,male,175.7,80.3,0,2160,138.3,10569,1760.83,2391.44,0.2792
56,male,173.9,76.6,1,1430,171.5,8720,1578.25,2356.1,0.8256
19,female,161.0,63.1,5,2195,94.8,11918,1381.2,2728.47,0.4712
20,female,169.9,62.8,6,1332,140.6,9459,1429.27,2688.43,1.2337
54,male,162.5,73.7,1,2269,114.5,4329,1488.06,2046.08,-0.251
34,female,156.5,65.8,3,2391,97.6,7740,1305.25,2160.14,-0.2311
19,female,159.2,69.6,4,1521,142.0,4960,1434.54,2223.53,0.6369
19,female,162.6,71.9,2,2115,134.6,3370,1479.07,2033.72,-0.1007
45,male,172.3,81.0,2,2370,186.9,6382,1666.78,2360.93,0.0277
40,male,175.6,85.8,3,1843,151.2,9953,1760.08,2975.78,0.9911
54,female,162.6,74.3,1,2236,125.4,8187,1328.8,1986.45,-0.1996
49,male,184.6,80.5,2,1200,153.0,4022,1718.72,2363.24,1.1015
50,female,155.2,70.0,1,2384,130.0,6294,1259.29,1796.23,-0.4885
18,female,165.9,71.9,5,2010,125.5,7142,1505.36,2703.84,0.6262
36,female,165.8,61.5,3,1910,128.7,3277,1309.62,2029.92,0.1166
19,female,158.2,79.9,6,2344,172.6,9282,1532.51,2857.68,0.4534
61,female,149.6,74.5,1,2605,167.9,6928,1214.28,1766.04,-0.5
43,male,171.5,93.1,5,2170,220.9,4023,1793.19,3093.25,0.8099
49,female,161.9,91.1,7,2563,151.8,3882,1516.64,2881.62,0.2893
23,male,170.8,67.5,7,1456,142.7,10251,1631.98,3363.31,1.4718
49,male,178.9,77.8,1,2233,139.6,6547,1656.13,2354.54,0.098
21,female,162.8,93.4,7,1954,193.9,10475,1685.44,3476.09,1.3983
28,female,159.9,71.6,1,1724,134.4,11430,1414.86,2266.94,0.4978
34,female,156.1,72.2,2,1325,172.8,10056,1366.78,2132.13,0.7655
55,female,161.1,60.3,0,2214,128.5,6166,1174.41,1467.59,-0.4912
41,male,174.2,79.6,7,2306,187.2,1255,1684.74,3201.01,0.8239
22,male,172.4,93.0,4,2470,208.0,8282,1903.17,3114.02,0.5644
51,female,173.3,88.3,1,2412,203.3,12728,1550.34,2518.12,0.0567
23,male,164.0,68.9,1,1730,152.6,7411,1604.14,2326.24,0.5297
39,male,182.8,79.1,1,2452,147.1,2525,1743.6,2397.46,-0.0712
28,male,175.7,70.0,0,2489,115.7,5812,1663.62,2036.95,-0.4157
33,male,182.4,75.3,5,1909,133.3,7040,1732.75,3091.0,1.0426
50,male,187.7,69.2,7,2010,98.3,4755,1620.17,3078.31,0.9965
26,male,183.4,81.9,6,1673,157.5,1090,1840.29,3174.5,1.343
23,male,173.2,90.0,6,2518,171.5,7255,1872.75,3343.24,0.739
33,male,178.0,82.9,3,1471,159.7,5537,1782.09,2789.08,1.1978
46,female,159.2,82.6,2,2187,196.0,11931,1429.9,2312.66,0.1477
20,male,172.0,86.0,0,1791,198.8,7752,1840.31,2345.97,0.5572
37,male,179.4,76.4,5,1612,119.2,8673,1704.8,3124.43,1.4295
53,female,165.4,68.4,1,1344,120.9,7202,1291.5,1885.92,0.4543
36,male,161.5,66.9,5,1925,122.1,7734,1503.82,2730.78,0.7217
43,female,153.6,55.4,0,1557,97.5,3369,1138.18,1365.81,-0.1911
20,female,171.3,77.3,0,2020,170.0,4899,1582.84,1899.4,-0.0983
36,male,187.6,61.2,0,2619,117.8,10221,1609.88,2192.9,-0.3783
37,male,173.6,82.8,3,2070,163.4,8023,1733.12,2837.49,0.6804
49,female,156.6,71.0,4,2699,160.0,6503,1283.03,2063.85,-0.5
24,female,152.3,72.3,2,1656,159.5,8715,1393.71,2102.1,0.3754
58,male,185.6,92.0,3,1552,140.9,8764,1794.6,2969.83,1.2096
50,female,170.7,78.4,3,1641,165.8,12477,1440.14,2606.07,0.8388
57,male,185.2,96.4,7,1977,176.9,7907,1841.78,3644.74,1.5
56,female,158.9,76.5,4,2953,129.6,4843,1317.19,2041.64,-0.4561
35,male,178.4,74.2,3,1418,107.7,7210,1687.74,2726.49,1.2297
57,female,160.9,70.5,0,2217,133.1,9018,1264.68,1718.52,-0.4258
18,female,155.8,52.0,0,1755,91.3,9989,1242.96,1741.0,-0.0431
28,female,161.2,65.3,7,1922,107.9,3462,1360.22,2584.43,0.5671
45,male,177.4,76.8,5,1560,160.8,8134,1656.66,3014.44,1.2682
42,male,171.8,81.7,1,2308,177.2,5256,1685.41,2330.23,0.003
40,male,165.1,68.3,3,1985,112.3,6083,1520.01,2410.17,0.3895
48,male,172.5,67.6,1,2381,98.0,9614,1519.47,2319.97,-0.0854
47,male,195.7,73.0,2,2061,164.1,9365,1723.28,2587.75,0.4915
59,female,161.5,67.9,6,1324,95.7,5804,1232.03,2165.45,0.7846
52,male,163.3,89.1,0,2384,208.2,7105,1656.37,2092.9,-0.2787
24,male,182.1,84.1,5,1295,170.6,6159,1864.57,3274.33,1.4598
33,female,171.8,84.8,2,1346,146.0,14729,1595.87,2680.78,1.2553
43,female,159.6,64.6,7,1679,106.4,8195,1268.02,2568.99,0.8102
19,female,174.9,66.1,5,1684,93.2,5401,1498.72,2605.34,0.8961
18,female,165.1,64.5,6,2489,105.5,10805,1426.2,2750.44,0.2408
29,male,189.9,84.7,6,1940,130.2,10893,1893.46,3560.86,1.4783
22,male,171.8,61.3,7,2437,123.4,11979,1582.12,3354.98,0.806
54,female,161.2,64.5,4,1801,101.0,12719,1221.46,2279.22,0.4218
49,female,164.6,69.4,7,2111,133.8,9269,1317.02,2715.78,0.5029
26,male,175.1,68.2,0,2166,135.8,6625,1652.08,2063.74,-0.1332
58,female,170.5,59.7,2,2244,101.5,6993,1212.29,1766.55,-0.4115
52,male,180.7,83.6,4,1837,120.0,6769,1710.66,2739.97,0.8122
36,male,180.4,81.6,6,1868,117.2,6490,1768.19,3124.63,1.1299
33,female,167.4,81.6,2,1896,116.3,10599,1535.8,2391.68,0.4287
20,female,161.7,63.9,5,1422,136.7,7501,1388.65,2520.47,0.9874
37,female,166.9,81.2,4,1971,139.5,9928,1509.27,2585.77,0.5932
41,male,185.2,95.6,4,1866,209.9,9191,1913.23,3175.06,1.1946
50,female,177.1,81.8,0,2203,149.8,4753,1513.82,1816.58,-0.3867
41,male,182.5,77.2,7,2032,143.1,3207,1712.62,3253.97,1.1418
28,male,170.1,77.7,1,2468,148.6,4408,1705.1,2344.51,-0.0603
25,female,152.4,63.3,5,2025,133.8,6433,1299.81,2313.82,0.2778
53,female,161.6,66.1,5,1803,110.7,7835,1245.75,2290.67,0.4699
55,female,162.5,78.6,7,2020,119.6,5879,1365.39,2638.19,0.5984
57,female,172.0,76.3,4,2253,149.3,9257,1392.37,2371.02,0.0572
37,female,158.8,81.1,4,1379,140.1,6180,1458.01,2318.92,0.9101
52,female,170.8,73.3,0,1750,135.1,8142,1380.22,1813.37,0.0909
42,male,175.9,76.4,1,1757,156.4,7793,1658.31,2419.83,0.6172
52,male,167.1,70.7,5,2144,133.9,11836,1496.13,2922.62,0.7042
42,male,185.5,74.5,6,2185,150.5,5061,1699.44,2934.58,0.6417
46,male,175.9,85.7,3,2035,166.6,13021,1731.57,3084.98,0.9442
35,female,161.0,89.9,3,1200,192.4,6014,1569.41,2483.29,1.1801
63,male,184.8,80.1,1,1422,168.7,4149,1645.72,2262.87,0.7315
35,male,168.7,70.5,2,1916,136.3,6957,1589.26,2283.08,0.3313
19,male,165.6,68.6,0,1824,142.5,15600,1630.55,2486.66,0.5665
52,female,156.1,64.8,1,2002,147.3,9738,1202.58,1890.44,-0.1128
33,male,190.2,98.8,7,1836,181.0,9007,2017.06,4032.76,1.4594
58,female,156.8,64.8,7,2536,117.5,9487,1177.43,2461.46,-0.1116
53,male,176.7,74.8,3,1200,161.9,5576,1592.47,2497.13,1.1894
50,male,169.0,66.1,4,2106,131.1,8315,1472.24,2447.71,0.2933
21,female,161.0,74.8,3,2290,110.1,7506,1488.6,2432.63,0.1153
50,female,161.0,71.9,4,2246,164.8,12022,1314.04,2387.86,0.1104
31,male,176.3,70.2,0,2276,100.5,7228,1654.09,2096.31,-0.0812
38,female,160.1,64.9,4,2326,139.5,6554,1299.12,2091.34,-0.195
37,female,158.0,83.3,1,1789,179.9,4588,1474.67,2027.68,0.2388
25,male,174.5,78.8,4,1614,185.4,7850,1758.14,2867.62,1.116
24,female,156.2,71.1,2,1288,103.4,8232,1406.33,2095.3,0.7492
20,female,165.1,75.1,7,1873,150.0,4496,1521.91,2891.64,0.9191
34,female,160.8,83.5,1,1728,152.6,8632,1508.72,2256.09,0.4567
50,female,160.0,63.6,7,2407,110.1,8082,1224.91,2481.44,0.1259
29,female,159.4,68.6,0,1899,102.2,10033,1376.23,1903.13,0.0206
39,female,162.4,71.7,1,1639,140.7,10530,1375.88,2168.34,0.4966
39,female,163.5,59.8,2,1584,112.4,7735,1263.94,1874.67,0.2351
63,female,159.9,64.6,0,2696,97.2,4909,1169.42,1403.3,-0.5
47,female,160.8,80.8,3,1992,162.5,5423,1416.84,2217.26,0.2028
55,female,162.5,79.2,2,1726,169.4,11905,1371.81,2231.49,0.4419
55,female,161.9,80.4,0,2043,174.1,7913,1379.45,1800.99,-0.202
62,male,168.7,71.2,6,2664,164.2,11865,1461.81,2864.86,0.2031
25,female,158.9,67.8,4,1864,122.7,8746,1385.35,2334.59,0.4301
44,female,169.0,61.8,1,2240,145.3,9384,1293.0,1997.08,-0.1964
44,male,175.5,86.4,0,2415,195.8,9846,1745.81,2337.28,-0.0651
51,female,160.0,80.8,1,1338,137.0,4442,1391.48,1913.29,0.4968
38,male,169.6,85.0,4,1777,132.5,8267,1724.44,2836.24,0.9574
47,male,170.9,89.7,0,2371,164.7,4407,1735.35,2082.42,-0.2586
50,female,152.6,72.0,3,1755,129.8,6787,1263.19,2047.29,0.2934
45,male,170.9,89.4,6,2145,176.6,9100,1742.21,3210.31,0.9751
64,female,156.9,69.0,6,1735,136.8,4936,1189.45,2051.81,0.2713
50,female,168.6,61.7,2,1844,132.7,8898,1260.16,1927.62,0.105
22,male,183.7,89.6,0,1801,171.1,3754,1938.95,2326.75,0.489
36,male,164.2,59.5,4,2223,89.5,10358,1446.13,2509.4,0.3069
21,male,175.8,80.5,0,2071,181.7,5838,1803.43,2206.02,0.1258
52,female,163.4,81.2,1,2035,138.8,4932,1412.19,1941.76,-0.1155
34,female,170.3,79.2,5,2878,187.8,3911,1525.25,2631.06,-0.1888
61,female,161.4,90.8,7,2609,137.9,6051,1451.16,2809.75,0.1653
45,male,179.0,64.8,0,1307,152.9,2730,1547.44,1856.93,0.5092
47,female,166.9,74.5,6,1845,111.0,6129,1391.87,2457.43,0.5625
46,female,166.8,75.2,6,2849,122.7,10248,1403.65,2683.69,-0.1492
63,female,159.7,61.1,7,1799,88.4,7028,1133.33,2254.72,0.4093
23,male,173.9,69.0,6,2731,145.3,4556,1666.75,2875.14,0.0817
52,female,159.3,64.9,3,1851,146.1,8065,1224.29,2050.9,0.1519
58,female,167.1,66.4,0,1918,121.7,7844,1256.97,1650.56,-0.2096
54,female,158.3,70.4,2,2302,163.9,12391,1262.62,2105.65,-0.1659
41,male,166.3,70.0,0,1968,139.4,9476,1539.79,2071.55,0.151
46,female,159.1,74.1,5,2173,150.5,8263,1344.27,2482.02,0.2497
63,female,151.4,73.3,6,2551,164.7,9762,1203.58,2314.27,-0.2163
48,male,189.4,89.9,1,2266,152.5,7164,1847.42,2648.4,0.3829
52,female,167.0,71.9,6,2050,126.1,7311,1341.86,2430.25,0.3291
50,female,148.8,69.2,0,2586,159.6,11647,1211.13,1785.7,-0.5
38,male,172.3,85.8,3,2307,197.5,3411,1750.48,2713.25,0.3607
49,male,183.1,86.0,4,1743,204.3,9919,1764.1,2980.31,1.1112
40,female,166.7,89.9,0,2693,206.9,7223,1579.21,2006.21,-0.484
50,male,168.8,83.8,0,2225,128.0,6771,1648.09,2066.25,-0.1976
20,female,162.0,86.6,2,1925,192.6,6117,1617.63,2280.09,0.3719
35,male,179.7,60.9,3,1293,110.3,7884,1562.75,2566.46,1.1292
42,female,158.2,71.9,5,1518,172.0,7391,1336.97,2425.83,0.7619
59,male,184.3,80.4,4,2595,150.4,6463,1665.54,2654.74,0.054
48,female,173.2,76.9,6,2609,150.3,5743,1450.78,2539.74,-0.0742
20,female,157.8,64.6,1,2030,124.6,2736,1371.06,1885.2,-0.1368
57,female,172.4,80.8,0,1380,139.0,5690,1439.07,1761.38,0.3557
63,female,157.8,56.6,5,1620,83.4,6219,1076.14,1917.3,0.29
41,male,178.7,83.6,4,1432,192.0,7878,1753.12,2861.24,1.3502
49,female,156.2,64.1,1,1419,141.2,12407,1211.12,2035.65,0.5399
64,male,196.0,84.2,5,2709,129.6,5960,1752.09,3070.36,0.3514
39,male,175.1,82.3,3,2721,179.2,4940,1727.53,2677.68,-0.0181
40,male,185.4,84.0,3,1608,170.3,5713,1803.9,2831.69,1.0335
19,male,174.6,87.0,4,1997,157.4,7883,1871.71,3045.3,0.9281
44,female,160.2,64.3,6,1550,106.4,8971,1263.43,2377.97,0.7138
59,female,154.4,68.8,7,1995,155.6,9320,1197.68,2491.59,0.4652
19,male,185.2,90.4,1,2574,189.9,9569,1971.58,2939.37,0.3425
43,male,175.6,81.9,3,2378,159.5,9923,1706.26,2890.85,0.4774
34,female,166.1,78.1,7,2283,157.0,6802,1488.61,2918.46,0.5685
57,male,184.0,91.7,4,1932,136.7,12632,1786.91,3151.31,1.1023
50,male,193.3,83.7,3,2442,156.9,6613,1800.83,2871.93,0.3903
26,male,178.3,75.3,3,2226,120.0,7773,1742.87,2840.1,0.5459
60,female,165.9,79.3,5,2141,127.5,10739,1368.4,2647.44,0.4834
56,female,158.8,70.3,7,1960,144.9,8916,1254.41,2579.18,0.5312
46,male,183.7,91.6,5,2111,211.8,1897,1839.16,3172.55,0.9412
59,male,184.7,86.1,3,2101,155.3,7514,1725.19,2799.75,0.639
43,female,160.7,67.3,7,1810,108.3,9654,1302.08,2706.66,0.8037
52,female,161.8,75.5,2,1729,154.7,4141,1345.01,1849.39,0.0764
42,male,185.0,76.0,7,1651,172.7,9376,1711.72,3471.08,1.5
41,female,169.7,83.9,5,1673,180.3,8475,1533.95,2819.81,1.0249
30,male,170.7,65.7,1,1934,149.0,10459,1578.68,2443.63,0.4378
24,male,172.2,87.3,4,1877,169.0,5770,1834.05,2881.27,0.9081
53,female,161.3,75.2,4,1783,161.7,9989,1333.84,2316.91,0.4588
62,male,183.0,81.0,6,1757,124.8,7899,1649.05,2989.55,1.1196
37,female,155.1,75.9,1,2102,132.7,11915,1382.55,2246.76,0.1207
18,male,182.0,86.0,1,2482,153.9,14465,1912.51,3102.95,0.549
25,male,179.9,91.6,1,1996,175.1,11345,1920.89,2958.47,0.8596
63,female,158.3,81.8,6,1973,190.5,8701,1331.34,2481.6,0.492
33,male,181.9,84.7,1,1673,192.6,13302,1823.39,2922.26,1.147
31,female,164.3,66.9,0,1922,102.7,9008,1380.03,1856.44,-0.1108
29,male,181.1,77.2,6,2417,121.4,5230,1763.41,3053.39,0.6054
40,male,180.1,80.5,4,2363,141.5,7401,1735.85,2810.63,0.4223
32,male,171.6,85.9,0,2339,145.2,9404,1776.57,2352.08,0.0258
45,female,164.8,70.5,6,2328,142.0,9564,1348.79,2554.87,0.2333
51,male,171.3,74.1,3,2153,170.6,4686,1561.19,2419.85,0.2432
19,female,158.7,86.2,3,2140,203.6,4766,1597.4,2475.98,0.3237
49,male,165.5,73.6,4,2086,151.2,6646,1530.98,2455.31,0.3221
40,female,160.6,67.2,3,1854,150.4,8836,1314.92,2229.93,0.3671
39,male,175.7,85.3,1,2029,164.1,9156,1760.51,2628.49,0.5513
42,female,168.4,75.3,6,2075,121.1,7853,1434.47,2617.11,0.4511
39,female,168.4,64.7,0,2222,124.5,5413,1343.24,1632.53,-0.4689
39,female,173.1,86.2,1,2035,168.6,11842,1588.43,2526.19,0.4426
59,female,172.7,71.8,3,2737,153.7,4819,1341.19,2078.84,-0.5
23,female,168.5,76.2,5,1577,123.4,10755,1538.9,2942.36,1.2284
32,female,152.7,68.2,7,2264,120.5,9347,1314.83,2715.53,0.3993
60,male,175.5,80.8,0,1986,142.5,10700,1609.64,2216.57,0.2169
54,male,187.2,66.7,1,2001,157.4,6388,1571.95,2230.84,0.1795
50,female,158.4,68.6,6,1716,126.5,7143,1265.04,2289.35,0.4745
25,female,167.4,84.3,4,2357,181.7,7637,1603.25,2616.89,0.2045
61,female,156.8,80.7,1,2228,173.5,6309,1320.58,1881.25,-0.3042
61,male,175.9,71.2,5,2292,118.6,8063,1511.3,2760.15,0.4209
22,male,172.0,84.8,3,2059,167.2,11447,1818.0,3140.25,1.0161
56,male,170.0,70.4,0,1886,161.6,4257,1491.73,1790.08,-0.0894
21,female,167.3,72.3,4,1977,135.5,5856,1502.08,2371.02,0.3837
23,male,183.1,79.8,0,2152,187.2,5585,1832.68,2228.46,0.049
62,male,172.6,78.5,4,1298,126.8,7263,1559.05,2529.68,1.1066
49,male,175.9,87.2,7,2306,128.5,7161,1731.2,3397.33,0.9928
47,male,181.9,84.0,6,2849,192.4,9430,1746.65,3234.47,0.3459
64,female,161.7,71.8,0,2168,161.3,7584,1247.68,1626.41,-0.4997
52,male,181.4,89.4,3,1902,213.9,8257,1772.8,2910.68,0.8911
57,female,161.1,66.1,6,1944,137.4,8496,1221.61,2282.07,0.2602
33,male,176.1,78.6,6,2248,183.7,8113,1726.6,3134.04,0.8247
30,male,177.6,87.9,7,1910,195.7,9258,1843.35,3715.26,1.5
59,male,177.2,84.0,4,2304,188.4,7194,1656.84,2677.8,0.3214
47,male,165.4,70.7,2,1939,139.2,11615,1511.06,2408.46,0.4381
36,male,185.4,71.3,0,2600,127.1,13854,1697.25,2479.4,-0.1146
34,male,171.0,79.4,0,2590,185.5,9265,1698.3,2251.22,-0.2751
36,female,149.8,54.8,1,1884,100.3,8069,1142.64,1724.58,-0.1847
45,male,177.1,78.0,4,1972,151.2,9061,1666.35,2785.89,0.7364
43,female,157.8,80.4,5,1992,148.5,4747,1414.43,2439.9,0.4008
54,female,164.3,78.7,2,1997,154.7,7950,1383.12,2049.29,0.0525
43,female,163.5,57.4,3,1668,107.3,5671,1219.33,1923.52,0.278
40,male,172.5,79.2,1,1619,114.7,8774,1674.96,2491.76,0.7893
26,male,178.3,77.7,7,2437,177.3,5684,1766.45,3390.45,0.8887
29,male,169.3,66.0,2,2381,121.7,6638,1577.67,2251.2,-0.1228
18,male,182.5,84.8,4,2375,168.7,2820,1903.41,2950.29,0.5548
18,female,164.2,69.9,2,1976,107.7,4566,1474.57,2027.54,0.0697
64,male,180.9,77.5,7,2662,108.8,8387,1591.01,3192.26,0.4719
51,male,178.7,81.4,6,1992,133.9,5327,1680.48,2915.17,0.827
49,female,161.6,67.7,0,2302,142.5,10159,1280.73,1794.83,-0.4465
42,female,156.6,71.2,6,1514,106.8,5115,1320.05,2282.83,0.6793
57,female,161.3,67.8,0,1920,156.7,8633,1240.75,1670.55,-0.2207
62,male,171.8,73.0,1,1945,117.9,5595,1499.08,2090.98,0.1216
18,male,183.2,90.4,7,1977,145.0,8463,1964.15,3905.04,1.5
33,male,164.2,82.6,4,1536,130.7,3663,1692.36,2623.17,0.9834
56,male,176.8,65.9,4,2246,93.2,6367,1488.94,2376.21,0.0973
22,male,179.3,86.7,2,2360,188.3,5384,1882.74,2607.97,0.2586
39,male,170.4,87.9,1,1740,199.9,9708,1753.34,2646.24,0.8314
46,male,172.6,90.1,4,1598,181.5,8655,1755.22,2903.34,1.1847
20,male,177.1,83.9,5,1731,133.2,4418,1850.54,3192.18,1.3411
29,male,183.7,74.2,5,2173,125.0,6992,1750.03,3118.4,0.8089
43,female,164.5,79.1,6,1791,148.3,5569,1442.94,2517.52,0.723
33,female,166.9,68.2,0,1953,160.5,9875,1398.81,1922.32,-0.0272
54,female,156.2,67.5,2,1624,111.3,10678,1220.43,1961.99,0.2481
39,male,175.1,81.9,3,2693,174.5,3895,1722.86,2670.43,0.0156
46,male,171.6,70.8,7,2026,130.2,9566,1554.86,3182.53,1.0292
31,male,182.1,72.8,0,2402,123.6,5441,1715.87,2081.1,-0.2608
45,female,155.5,73.7,1,2173,136.8,6867,1323.17,1912.71,-0.2326
22,female,151.2,83.0,4,1985,122.1,7580,1503.56,2459.52,0.384
64,male,172.4,87.5,0,1967,192.4,12041,1637.26,2316.77,0.3256
47,female,158.4,77.0,3,1746,126.5,4990,1363.79,2113.88,0.3399
63,male,183.6,90.5,3,1842,192.3,9586,1742.19,2929.7,1.0231
22,female,172.2,82.6,5,1647,121.3,4571,1631.28,2813.97,1.0763
29,female,159.1,75.2,1,1609,177.0,4398,1439.87,1979.82,0.2998
33,female,160.7,79.5,0,2730,126.7,7571,1473.79,1897.09,-0.4699
43,female,164.7,63.2,2,2098,144.2,7554,1284.63,1894.07,-0.1975
43,female,155.2,71.4,0,2513,157.9,1000,1308.52,1570.22,-0.4484
38,male,167.7,74.8,5,1722,177.2,10398,1611.33,3049.45,1.1961
56,female,163.1,74.0,6,1562,139.1,2152,1319.17,2275.56,0.6424
53,male,171.3,73.4,3,1658,156.1,7135,1544.41,2500.58,0.7415
50,female,166.7,79.2,1,1852,140.2,10819,1422.13,2246.38,0.3433
47,female,179.6,74.3,1,2013,117.7,13022,1469.22,2421.28,0.3485
54,female,163.6,69.3,2,1947,127.8,6592,1284.94,1846.39,-0.0563
40,male,184.4,77.8,1,1729,121.7,3917,1735.09,2385.75,0.5568
27,female,171.5,84.1,5,2031,200.3,10726,1616.84,3075.35,0.9738
22,female,153.5,69.0,5,2061,103.2,9662,1377.83,2609.86,0.5235
53,female,154.7,65.9,5,2246,131.1,6277,1199.8,2133.5,-0.0608
51,male,178.0,77.1,1,2515,156.2,5960,1633.39,2293.92,-0.1994
48,male,179.9,81.0,1,1873,156.9,5706,1698.76,2371.09,0.4223
27,male,176.1,92.2,5,2425,190.2,6638,1893.12,3347.53,0.8331
36,male,157.2,60.8,1,2023,92.2,8290,1415.68,2111.06,0.0978
49,female,164.6,79.5,7,1465,155.4,6084,1418.01,2748.42,1.1689
18,male,166.9,78.9,1,2624,133.1,6401,1747.03,2472.21,-0.1271
22,female,163.5,66.5,7,2795,155.7,9103,1416.49,2896.49,0.1329
62,male,167.2,87.0,3,2217,188.0,3793,1609.41,2494.58,0.2701
21,male,167.1,79.5,0,2031,188.6,6560,1739.3,2165.16,0.1275
33,female,158.1,67.1,4,1905,96.4,3310,1332.89,2065.98,0.091
41,female,153.2,54.1,7,1838,91.1,7771,1132.19,2289.72,0.3875
33,male,174.2,80.2,7,2424,128.0,2651,1731.23,3289.34,0.7748
19,female,169.9,76.1,1,1994,107.4,9725,1566.32,2389.94,0.3007
45,female,158.2,63.0,4,2586,103.4,4213,1232.69,1910.67,-0.5
49,male,191.7,77.9,6,2012,162.0,3068,1737.57,2997.31,0.8875
44,female,157.5,77.8,4,1856,126.9,6590,1381.59,2220.96,0.3289
37,female,165.0,58.6,3,1790,111.8,11777,1270.86,2308.69,0.4871
41,female,173.4,80.5,7,1740,184.3,9277,1523.11,3107.76,1.2375
29,male,188.2,83.2,1,2180,174.2,2694,1868.32,2568.95,0.3611
52,female,169.2,80.1,5,1547,143.8,4142,1437.83,2480.25,0.8359
50,male,174.1,76.0,4,1714,134.7,6510,1602.75,2559.77,0.7705
50,male,185.9,86.0,1,2464,159.6,13095,1777.13,2848.3,0.3633
60,male,182.7,76.3,2,1666,120.3,5152,1609.29,2220.37,0.5482
54,male,184.5,82.6,6,2302,168.1,5172,1714.72,2966.49,0.5887
29,female,171.6,81.1,5,1278,143.2,11318,1578.22,3038.33,1.5
20,female,160.2,73.3,2,2508,165.1,7987,1473.68,2175.66,-0.2756
18,female,152.6,71.7,2,1555,154.6,10132,1419.57,2208.5,0.5505
50,male,178.3,72.8,4,1693,146.4,5682,1597.99,2510.98,0.8033
57,male,176.0,74.5,2,2238,131.4,7245,1564.34,2263.22,0.0582
27,male,170.9,72.3,3,2095,116.4,10789,1660.78,2863.65,0.6478
60,female,161.6,70.5,3,2313,153.4,7137,1253.64,2049.99,-0.2282
61,male,164.8,85.0,4,1553,160.4,10307,1580.21,2714.68,1.0395
46,female,159.1,68.8,1,1900,111.8,8468,1291.49,1949.2,0.0332
30,female,157.9,61.9,0,1784,98.7,4900,1294.73,1553.67,-0.1989
29,male,169.1,80.4,1,1611,125.9,7459,1720.76,2489.0,0.8293
48,female,170.1,87.3,1,2209,190.1,9953,1535.12,2358.44,0.1223
63,male,158.5,61.2,1,2330,99.8,9173,1293.28,1986.91,-0.3255
19,female,166.9,90.9,1,1882,175.1,7399,1696.47,2452.6,0.5298
52,female,155.4,73.2,5,2533,135.6,2770,1282.52,2212.35,-0.2743
40,male,176.5,87.7,0,1725,173.6,3010,1784.64,2141.57,0.3485
34,male,177.1,91.4,5,2524,208.2,3541,1856.25,3202.02,0.6677
43,female,158.0,78.9,2,2197,178.9,6223,1400.03,1986.19,-0.2108
25,female,156.5,69.6,6,1572,128.7,6557,1387.79,2471.78,0.8471
46,male,191.1,95.7,1,2694,135.5,3811,1927.01,2649.64,-0.0263
43,female,164.4,76.0,6,1844,138.9,10056,1412.02,2688.54,0.7856
27,female,165.1,83.0,3,2422,166.5,4340,1565.75,2426.91,-0.0141
43,female,170.7,86.4,4,2051,169.2,4073,1555.22,2410.59,0.2752
51,male,177.8,71.3,4,2131,146.3,7720,1574.57,2576.58,0.4044
58,female,171.2,83.4,5,2315,129.6,9934,1452.91,2752.97,0.3973
24,female,159.9,70.5,5,2296,144.3,12637,1423.21,2836.89,0.4629
21,male,178.3,81.4,3,1880,128.8,8956,1828.27,3031.62,1.0742
62,male,183.9,83.8,1,2186,180.1,11449,1681.73,2634.82,0.4064
28,female,157.5,71.6,6,2160,124.5,4469,1398.85,2413.02,0.2059
46,male,161.9,85.0,7,2075,179.4,12899,1636.97,3505.2,1.318
53,female,167.9,64.6,6,1929,93.5,2846,1269.11,2189.21,0.2551
42,male,183.9,69.0,0,2074,124.7,6240,1634.36,2023.23,-0.0677
38,male,167.5,59.9,2,2689,126.1,8901,1461.39,2204.46,-0.4032
53,female,167.6,84.0,4,1897,136.6,3486,1461.2,2264.86,0.402
27,male,181.7,75.6,2,2422,166.0,5182,1761.82,2431.6,-0.0243
54,male,161.1,73.5,0,1783,149.4,4785,1477.24,1772.69,-0.015
26,male,170.4,75.8,5,1692,150.6,6724,1698.12,3015.45,1.2137
41,female,171.6,70.1,6,3147,122.9,11053,1407.31,2730.26,-0.3102
52,male,175.7,85.9,4,2189,161.7,7542,1702.35,2765.74,0.5023
52,male,171.8,76.3,2,2199,152.4,6342,1581.63,2241.84,0.0111
53,female,155.9,68.3,7,2208,127.8,1000,1231.22,2339.32,0.0907
35,male,188.7,86.8,5,2493,182.1,8666,1877.16,3421.4,0.881
56,female,157.1,76.5,0,2143,140.2,9475,1305.78,1790.68,-0.3413
49,male,172.1,69.8,7,2286,111.8,3249,1533.73,2914.09,0.5458
41,female,165.0,81.2,2,1630,131.1,7332,1477.9,2148.71,0.4789
40,male,180.8,92.9,7,2344,130.7,7982,1864.15,3690.99,1.2334
49,female,160.0,60.6,6,1917,103.1,9911,1200.27,2316.02,0.3948
54,male,175.6,81.2,1,2235,174.6,5688,1644.53,2295.63,0.0578
29,male,172.4,75.2,7,1400,164.9,5311,1689.44,3225.49,1.5
30,male,172.4,83.2,5,2221,133.3,6358,1763.86,3110.56,0.8059
40,male,172.8,68.0,0,1215,160.5,10711,1565.43,2164.07,0.8234
42,male,179.4,93.7,2,1903,178.3,10109,1853.56,2804.1,0.8128
52,male,170.0,63.7,6,1403,147.5,7446,1444.31,2613.73,1.1025
58,female,161.7,70.8,1,2222,149.2,10049,1267.95,1995.88,-0.2185
47,male,186.9,87.6,1,2024,185.9,1578,1813.82,2494.0,0.3801
34,male,179.3,75.2,0,1730,111.7,9479,1707.35,2272.77,0.4592
37,female,156.3,63.6,3,2502,103.0,4703,1266.68,1963.36,-0.4909
42,female,175.0,80.5,6,1686,113.4,11917,1527.57,2980.9,1.205
39,male,188.0,85.2,6,1200,180.4,4839,1837.72,3170.07,1.5
30,male,168.8,76.0,4,2180,132.6,5368,1670.18,2607.18,0.383
36,male,182.9,89.2,0,1382,195.0,8906,1860.3,2427.66,0.9294
53,female,177.7,76.8,1,1697,133.5,9147,1452.37,2204.36,0.4498
29,female,159.7,74.4,1,1819,165.2,6384,1436.84,2044.86,0.174
58,male,175.2,74.8,7,1502,114.4,8428,1557.43,3130.52,1.5
36,female,171.9,70.6,0,1827,111.0,8738,1439.43,1914.22,0.1432
29,female,158.0,68.8,3,1508,119.8,8482,1369.72,2297.16,0.6965
26,female,160.8,68.4,4,2057,123.7,6488,1398.03,2241.34,0.132
24,female,156.3,66.7,2,1570,116.7,8763,1363.25,2062.62,0.4781
45,male,175.9,88.5,0,2011,191.4,11015,1764.25,2417.85,0.3798
31,male,177.3,77.7,4,2407,116.4,4436,1735.27,2689.67,0.2673
48,male,181.1,76.2,6,2274,133.4,5399,1658.71,2881.22,0.5998
36,male,177.0,79.9,4,1971,178.7,7568,1730.28,2810.34,0.7217
64,female,158.9,72.3,7,1654,106.1,4859,1235.66,2347.75,0.5889
33,female,169.0,66.5,5,2056,155.9,2991,1395.53,2407.29,0.3148
22,male,178.6,78.0,1,1756,186.1,10232,1790.78,2723.92,0.8814
52,male,182.9,79.6,7,2070,118.5,1928,1683.98,3199.56,1.0159
29,male,172.7,76.3,2,1400,129.1,6494,1702.5,2415.64,0.9974
42,female,164.1,79.7,0,2283,141.2,9397,1451.22,1961.31,-0.3013
38,male,163.7,74.8,7,2012,162.7,8166,1586.12,3171.94,1.0383
53,male,173.1,87.7,1,2773,175.0,6531,1698.57,2412.08,-0.3244
40,male,176.4,79.3,5,2457,162.1,4756,1700.57,2933.48,0.4622
33,male,175.6,93.2,7,2198,201.1,8359,1869.73,3720.44,1.3621
56,female,167.8,71.8,5,1957,109.0,5029,1326.24,2289.22,0.298
62,female,158.4,65.1,7,1745,145.4,8164,1169.97,2381.15,0.6086
59,male,179.6,85.2,1,2330,179.4,7852,1684.46,2458.73,0.1488
56,female,161.7,83.7,3,1920,165.4,7877,1406.08,2323.27,0.3734
31,female,156.1,59.2,4,2409,135.6,5899,1251.81,1985.26,-0.3126
48,female,158.5,69.7,0,2140,146.5,12587,1286.71,1923.4,-0.1378
22,male,165.7,69.7,0,2143,111.6,8395,1627.18,2122.37,-0.0608
52,male,172.0,78.5,0,2208,143.7,6803,1605.25,2016.45,-0.225
40,male,178.1,80.2,1,1678,151.9,8160,1720.37,2523.51,0.7924
46,female,162.7,84.0,6,1642,122.2,5563,1465.92,2556.87,0.8724
60,male,177.3,78.9,3,1630,185.8,6534,1602.19,2560.1,0.8387
28,male,180.8,92.4,2,2367,141.2,13479,1919.02,3062.61,0.6176
35,male,172.9,75.3,5,1669,157.9,5581,1663.81,2899.12,1.0937
64,female,158.8,78.9,1,1713,150.3,7305,1299.78,1902.45,0.1376
29,male,181.0,83.3,6,2188,118.7,6359,1824.09,3214.51,0.9672
26,female,166.4,88.7,2,1912,206.2,4900,1635.73,2249.13,0.2952
27,female,158.1,59.3,5,1867,133.6,8552,1285.62,2395.29,0.4893
61,male,170.3,67.3,5,1837,129.5,7591,1437.29,2608.87,0.6472
34,female,160.0,86.7,3,1200,141.2,9777,1536.0,2619.64,1.3207
55,male,186.7,78.2,4,1662,118.9,9526,1678.87,2828.55,1.0785
24,female,166.2,69.4,0,2414,122.4,9751,1451.96,1979.91,-0.4346
63,male,178.6,73.4,7,1811,121.5,5204,1540.16,2936.51,1.0308
30,female,165.8,83.8,2,1335,159.8,9102,1563.61,2355.07,0.9276
57,female,171.3,67.0,1,1647,158.7,9163,1294.93,1988.68,0.2969
59,female,162.5,73.3,2,2126,144.8,4947,1292.67,1777.42,-0.4039
26,female,159.5,69.6,4,2119,159.5,6703,1401.95,2258.17,0.1067
44,male,175.5,87.3,0,1897,179.0,3859,1755.06,2106.07,0.1991
19,female,162.0,68.4,2,1759,128.2,9174,1439.87,2188.52,0.3742
22,female,156.6,73.8,4,1509,166.4,9162,1445.46,2448.57,0.8473
46,female,155.4,60.6,1,2129,113.3,11075,1185.98,1934.47,-0.1318
54,male,169.4,94.4,3,2293,214.2,6928,1738.08,2790.42,0.4496
55,female,163.8,71.8,6,2451,121.4,8628,1305.57,2433.51,-0.0789
36,female,159.5,71.8,5,1611,109.8,9969,1373.92,2618.47,0.9101
25,female,161.6,86.0,1,2478,193.9,5615,1583.52,2208.08,-0.2423
62,male,170.9,72.2,0,1980,143.5,5235,1485.13,1793.9,-0.1941
18,female,161.2,85.9,5,2009,196.6,5692,1615.72,2821.71,0.7606
39,male,173.6,74.8,6,2313,174.9,6626,1643.22,2915.85,0.5044
34,female,165.0,79.6,1,1811,115.7,5323,1496.0,2073.15,0.2345
24,male,179.4,76.1,7,1243,144.7,5800,1767.44,3398.15,1.4558
42,female,169.8,65.6,1,2247,116.4,9702,1346.39,2086.39,-0.1546
62,female,159.6,75.2,1,2122,152.3,7259,1278.34,1870.67,-0.2072
21,male,167.6,80.5,7,1874,176.7,8266,1752.8,3493.62,1.4676
53,female,164.3,63.4,1,2218,106.5,6123,1234.71,1753.88,-0.4284
23,male,178.7,78.0,5,2289,152.6,5959,1786.81,3130.2,0.7652
48,female,166.4,84.5,0,1471,178.2,8213,1484.31,1941.83,0.4305
36,female,153.9,74.0,6,2008,113.6,7815,1361.12,2488.68,0.4579
61,female,173.5,74.9,4,1203,165.8,9444,1367.3,2341.51,1.0561
56,female,163.3,68.7,2,1957,137.8,10753,1266.79,2029.48,0.1088
44,female,166.5,90.5,7,1870,212.6,5771,1564.31,3010.74,1.0425
27,male,179.8,69.4,3,2172,120.6,9652,1687.58,2848.35,0.5649
43,male,165.9,74.2,7,1624,111.9,4800,1569.15,2981.38,1.2593
36,female,169.6,64.6,6,1852,123.2,12684,1365.21,2739.19,0.8466
56,female,174.6,89.1,2,1200,132.4,5534,1541.26,2145.94,0.9338
20,female,171.4,77.1,2,2195,182.6,9226,1581.01,2385.18,0.2163
62,female,166.3,76.3,3,1969,109.7,4781,1331.25,2063.44,0.0711
30,male,166.3,97.0,6,2031,208.9,7119,1864.41,3322.06,1.1797
45,female,163.8,69.0,5,1477,132.8,11364,1327.3,2607.8,1.0196
37,male,178.5,94.3,0,2139,166.8,5455,1878.73,2277.23,0.1132
45,female,164.4,70.9,3,2578,103.9,13010,1350.15,2493.23,-0.0809
25,male,166.2,72.9,0,1935,147.5,7486,1648.17,2102.1,0.1902
58,male,190.9,107.0,5,2228,212.4,9939,1978.05,3659.09,1.2537
56,male,180.8,80.1,2,1695,134.6,8507,1656.19,2452.61,0.6584
18,male,195.4,77.0,0,1973,177.8,8642,1906.03,2469.33,0.4877
20,female,159.8,74.2,5,1464,126.4,3934,1479.09,2551.43,1.0322
30,male,183.7,81.3,5,2276,150.4,6317,1816.01,3198.47,0.819
45,male,182.5,85.0,4,2056,165.3,10489,1770.76,3019.12,0.9251
42,male,175.0,77.7,3,1573,116.5,6639,1665.2,2663.0,1.02
50,male,186.9,101.8,4,1719,237.5,7847,1941.18,3151.17,1.2936
55,male,174.2,82.8,7,2021,147.0,3631,1646.78,3128.89,0.9338
23,male,174.5,69.9,2,2323,103.5,6156,1679.6,2367.24,-0.0101
61,female,164.1,74.9,3,2518,133.8,10307,1308.41,2293.39,-0.2238
62,female,158.6,65.0,2,1953,130.0,4293,1170.34,1609.22,-0.2898
49,female,163.1,71.4,4,1522,136.6,9292,1327.04,2271.52,0.7039
62,male,173.1,70.6,6,2083,147.9,7944,1483.47,2706.19,0.5521
64,male,169.8,93.3,5,2625,135.8,6910,1679.1,2991.94,0.3269
38,female,169.1,70.6,2,1432,118.9,6800,1411.31,2030.55,0.5431
33,male,180.1,86.5,3,1666,192.1,6272,1831.16,2901.89,1.1171
38,male,177.1,77.1,7,2214,114.1,6495,1692.71,3290.9,0.9841
28,male,182.0,72.6,3,2054,163.8,9824,1728.48,2920.34,0.7869
54,male,185.9,85.2,2,1809,127.1,6419,1748.8,2475.55,0.5555
53,male,174.4,81.7,3,2077,182.5,12018,1647.05,2903.83,0.7454
52,male,173.7,82.6,7,2342,145.5,8248,1656.43,3309.61,0.8788
36,female,167.9,54.6,5,1966,109.8,6059,1254.42,2216.83,0.2581
37,female,153.2,59.0,6,1935,91.7,9933,1201.84,2319.82,0.325
35,female,163.7,81.3,5,2206,119.2,9059,1500.57,2791.43,0.5382
64,female,164.9,66.8,3,1905,108.0,3364,1217.95,1887.82,0.001
58,female,163.8,75.3,7,2400,115.1,4913,1325.94,2519.28,0.1041
31,female,161.0,62.4,7,2709,106.8,7211,1314.08,2607.3,-0.1454
32,female,156.9,76.5,2,1687,146.4,3540,1424.49,1958.67,0.2768
48,male,173.0,85.3,4,1562,169.6,12726,1699.14,3019.97,1.3474
18,male,165.3,80.3,3,2130,175.7,9555,1750.89,2941.63,0.7446
20,male,181.8,90.1,3,1550,185.2,7466,1942.29,3133.86,1.441
33,female,173.6,90.6,3,1544,182.1,6643,1665.54,2663.73,0.9644
40,female,147.2,56.8,3,1283,103.0,6000,1126.99,1796.83,0.4906
28,male,169.8,70.1,2,1866,131.4,2589,1627.66,2238.03,0.3826
29,female,163.7,80.8,4,1988,146.7,3167,1525.17,2364.02,0.308
27,male,171.8,86.3,4,1819,193.6,12252,1806.8,3163.14,1.2624
49,female,157.5,65.5,0,2487,106.7,11433,1233.23,1801.52,-0.4661
33,male,182.7,76.3,3,2461,107.2,6060,1744.99,2757.73,0.2359
25,male,175.2,73.6,3,2675,151.1,9769,1711.63,2891.48,0.1849
55,male,184.9,70.4,0,2016,112.8,8766,1589.65,2095.88,0.0305
29,male,169.6,66.1,4,2414,151.5,9060,1581.1,2653.7,0.2157
41,male,168.6,65.9,7,2108,148.9,3937,1512.8,2874.31,0.71
45,male,183.0,80.0,7,2073,118.2,2979,1724.21,3275.99,1.0541
25,female,178.9,82.7,1,1836,124.5,10456,1658.52,2553.27,0.6633
45,female,157.6,74.4,5,1208,141.0,2551,1343.04,2316.74,1.0272
53,male,169.1,72.0,1,2223,144.7,7129,1516.62,2191.8,-0.0088
43,female,166.0,70.8,4,2404,118.6,6580,1369.96,2202.43,-0.1696
25,female,160.9,73.4,6,1466,155.4,6349,1453.68,2575.04,0.9713
45,male,172.8,65.8,3,1997,131.3,8286,1518.04,2517.26,0.4697
45,male,178.6,88.0,1,2347,151.9,5806,1776.71,2483.27,0.1344
54,male,189.6,95.6,2,1874,136.3,8489,1876.19,2754.22,0.8439
58,male,179.7,75.9,7,2418,163.1,7852,1596.53,3176.01,0.6896
53,female,159.4,68.5,2,1951,110.7,12746,1255.84,2114.08,0.1611
44,male,173.0,87.8,0,1816,196.2,4036,1744.37,2093.24,0.2239
34,female,159.7,70.9,4,2438,129.0,7573,1375.67,2260.94,-0.1952
26,female,172.6,82.4,4,1673,162.9,8578,1611.46,2676.66,0.8738
50,male,165.9,73.9,1,1746,168.0,6858,1530.83,2197.8,0.3979
37,female,164.7,86.6,3,1687,195.9,4157,1549.0,2400.96,0.7113
30,male,183.8,86.6,4,1600,153.5,10642,1869.98,3180.57,1.4247
45,female,164.7,78.5,1,2054,126.3,8342,1428.25,2130.95,0.0813
46,male,177.2,84.3,1,1820,183.3,4332,1725.56,2372.65,0.5187
30,female,160.8,67.9,5,2171,124.5,8596,1373.22,2548.6,0.3105
63,female,161.5,69.0,5,1393,109.8,11753,1223.05,2447.42,0.9456
52,male,178.1,86.3,4,1607,198.9,7409,1721.11,2788.17,1.0924
23,female,149.7,68.4,1,2018,109.3,7494,1343.82,1972.45,-0.0286
35,female,169.6,66.9,0,2514,95.4,11420,1393.25,1992.9,-0.5
22,female,163.9,88.8,0,2132,126.1,5074,1641.24,1973.19,-0.127
64,female,163.0,81.2,5,1794,164.2,11818,1349.9,2669.47,0.7796
42,female,165.4,74.7,4,1479,154.1,9932,1409.96,2432.04,0.851
19,male,183.5,80.4,7,1773,137.5,5189,1860.41,3544.23,1.5
27,male,174.0,79.9,3,1985,137.4,5829,1756.84,2764.55,0.7543
47,female,161.3,76.7,6,1200,133.5,6187,1379.35,2438.74,1.1201
62,male,173.2,61.7,7,1575,128.3,2916,1394.78,2650.08,1.0124
22,female,156.0,87.1,0,1742,127.0,8151,1574.85,2047.38,0.2345
50,female,147.2,59.9,0,1910,139.6,5302,1108.61,1345.44,-0.4961
18,male,168.4,75.8,7,1981,123.0,8241,1725.63,3440.74,1.3108
35,male,184.4,83.3,5,1786,199.8,4272,1815.17,3131.17,1.2312
49,female,152.6,84.6,5,2177,133.0,9807,1394.25,2645.43,0.4169
64,male,181.4,80.9,4,2044,175.8,9344,1628.38,2741.19,0.5939
28,female,164.6,86.8,5,1870,140.9,5735,1595.33,2788.69,0.8081
38,male,160.3,75.4,2,2225,111.6,8399,1570.34,2329.17,0.0451
43,female,154.9,62.0,6,2197,141.0,7707,1211.69,2225.52,-0.013
42,male,180.2,82.2,7,1491,185.6,11205,1742.7,3621.39,1.5
39,female,165.0,73.3,7,1989,132.2,4918,1408.62,2676.37,0.6175
44,male,172.0,68.7,1,2312,144.5,7119,1547.41,2233.64,-0.0639
30,female,159.3,74.5,0,2370,145.9,5898,1429.61,1760.44,-0.4455
50,male,176.6,79.6,7,2130,179.4,7612,1654.98,3275.06,1.0323
51,female,165.6,79.0,2,1918,135.4,8833,1408.74,2128.67,0.2102
58,female,166.7,76.6,7,2147,147.3,5870,1356.38,2620.61,0.431
52,male,170.0,71.3,3,2283,134.4,6589,1520.3,2435.92,0.2222
18,male,178.4,86.4,2,2041,151.5,9915,1893.76,2849.66,0.645
38,male,186.2,78.8,4,2080,180.6,10893,1767.1,3033.66,0.8454
23,female,161.4,47.8,3,1913,80.0,8733,1211.37,2064.27,0.1575
45,female,177.6,81.0,3,1532,125.5,7155,1534.02,2485.48,0.8441
34,female,160.6,67.8,7,1939,134.1,6917,1351.24,2663.21,0.6754
22,male,178.9,83.6,5,1763,171.9,8870,1848.56,3382.27,1.4703
48,male,178.7,96.4,7,1764,153.7,8069,1845.99,3660.84,1.5
22,female,154.2,85.6,2,2502,153.3,3377,1548.38,2129.02,-0.3729
55,male,170.0,75.2,4,2333,176.4,8930,1544.56,2590.57,0.2393
20,female,163.7,67.1,0,1407,110.4,5348,1432.84,1736.81,0.3136
40,male,169.2,80.8,6,1620,167.1,3957,1670.46,2881.54,1.1505
54,female,161.6,69.8,5,1873,149.3,3329,1276.93,2202.71,0.3044
54,male,179.6,84.0,2,1776,155.2,6959,1697.43,2431.92,0.6326
27,male,182.7,76.9,0,2111,179.8,4958,1780.82,2136.99,-0.0269
27,female,163.4,75.5,2,1565,161.4,1684,1480.44,2035.61,0.4318
36,female,160.8,65.9,5,2335,122.4,6603,1323.07,2362.44,-0.0118
34,female,157.7,80.4,0,1985,158.4,6273,1458.51,1813.86,-0.1325
38,male,190.5,81.0,5,1881,169.6,7125,1816.14,3239.09,1.2097
31,male,177.5,85.2,2,1995,169.7,5927,1810.89,2536.32,0.4179
26,female,175.7,69.0,3,1854,157.1,12073,1496.85,2673.76,0.7688
63,female,166.5,81.2,6,1289,142.6,8793,1376.12,2563.45,1.1503
18,male,169.3,68.4,1,2004,116.4,6250,1657.53,2341.6,0.3175
62,male,185.7,85.7,6,1888,138.3,7340,1712.69,3071.39,1.1189
30,male,166.4,83.1,3,1666,119.4,11036,1725.6,2976.47,1.2025
21,female,168.6,74.3,5,2384,107.2,9891,1530.64,2884.9,0.4604
18,male,170.9,68.7,6,2234,155.9,4009,1670.07,2880.86,0.5864
57,male,172.2,81.5,5,2854,169.3,5064,1610.93,2782.06,-0.0995
49,male,175.9,72.4,5,2292,149.3,5545,1584.07,2759.77,0.4186
51,male,172.1,74.2,0,1775,149.5,6400,1567.46,1950.95,0.2194
45,male,183.5,84.7,4,1683,190.5,6011,1774.12,2800.43,1.0046
48,male,189.7,96.2,5,1827,181.0,7585,1913.06,3429.28,1.4519
25,male,172.4,77.8,6,1767,176.6,9339,1735.4,3210.52,1.3503
56,female,159.6,72.0,6,2038,126.7,9756,1276.17,2439.2,0.3184
43,male,175.9,85.0,6,1461,197.9,6683,1739.46,3084.72,1.4943
51,female,159.2,72.1,3,2227,151.2,3413,1299.69,2014.51,-0.2404
20,female,158.5,76.4,1,2032,126.6,4898,1493.77,2053.93,0.032
29,female,166.1,83.4,5,2186,163.8,6200,1566.24,2761.76,0.5224
18,female,152.0,65.8,7,1600,127.1,4387,1356.69,2577.7,0.9076
61,male,168.7,49.7,5,2086,80.0,10352,1251.54,2426.51,0.2789
22,male,180.6,74.7,5,2455,148.8,4551,1771.52,3055.87,0.5305
47,female,158.6,81.1,7,1699,139.0,9042,1406.18,2873.83,1.0881
47,female,164.2,73.6,0,1689,106.9,3295,1366.45,1639.74,-0.0603
34,female,154.1,66.6,5,2249,156.5,9143,1298.07,2446.32,0.2019
64,female,163.6,82.9,3,1661,169.3,7151,1370.66,2232.08,0.5256
40,female,158.7,70.6,2,1918,160.7,11281,1336.77,2152.11,0.1991
32,male,165.3,57.7,4,2517,119.7,4671,1454.8,2254.93,-0.2473
54,male,167.7,63.4,6,1694,111.4,6089,1417.37,2499.41,0.7321
38,female,170.1,79.9,5,2541,152.8,6573,1511.02,2685.15,0.1248
31,female,162.4,72.5,0,1882,150.5,7118,1423.97,1814.67,-0.0397
19,male,172.7,89.4,3,1608,210.9,6635,1882.97,3000.35,1.255
28,female,174.4,72.6,5,2211,120.1,6683,1515.35,2698.13,0.4254
56,male,188.9,82.5,7,2038,187.8,6642,1731.03,3371.06,1.2394
55,female,165.9,67.6,0,2005,157.0,2322,1276.43,1531.71,-0.4426
51,male,165.4,70.3,2,1731,145.5,9983,1486.09,2292.53,0.4943
55,male,171.2,61.9,1,2035,144.3,14652,1419.05,2433.8,0.2878
51,female,160.8,69.3,5,1276,124.6,8245,1281.92,2373.57,0.9663
35,male,164.8,73.7,3,2077,173.5,4660,1597.1,2475.51,0.3375
47,female,165.7,73.5,0,2454,154.5,4913,1374.43,1649.31,-0.5
32,female,160.2,89.3,7,1382,128.7,9032,1572.65,3189.63,1.4783
44,female,160.8,87.0,0,1858,200.8,8463,1494.33,1966.35,0.1283
51,male,177.6,73.9,5,1694,139.3,6789,1599.27,2848.19,1.0261
55,male,179.8,64.5,0,1471,120.1,9383,1499.03,2017.99,0.4761
50,male,176.4,78.6,1,1281,154.6,2340,1643.54,2259.87,0.8941
41,female,167.6,78.4,0,1587,121.5,9385,1465.34,1977.66,0.3224
32,female,167.8,68.6,6,1915,128.2,8094,1413.48,2592.96,0.6631
47,female,167.7,69.0,4,2402,153.9,5010,1342.06,2080.69,-0.2682
59,female,158.2,83.8,6,1467,118.7,3916,1370.82,2364.66,0.781
34,female,152.8,66.7,4,2103,111.6,7803,1291.47,2141.93,0.0658
22,female,166.4,80.2,0,2077,112.4,11018,1570.33,2185.3,0.1352
46,male,184.1,75.4,7,2585,136.9,6929,1679.6,3287.7,0.6044
21,female,169.0,75.6,7,2200,160.9,5368,1546.48,2956.71,0.6531
27,male,183.5,79.9,5,2220,175.6,7978,1815.53,3280.69,0.9459
34,female,167.6,70.0,7,2245,164.2,12052,1416.25,3043.47,0.6836
27,female,169.3,85.4,4,1677,171.6,8578,1616.68,2684.76,0.8932
34,female,162.4,62.0,3,1800,102.6,8848,1303.99,2213.59,0.3644
37,male,178.9,82.9,4,2391,192.7,10556,1767.58,3017.55,0.5848
41,male,188.7,82.1,6,1282,178.5,8681,1799.58,3288.33,1.5
22,male,182.1,85.3,0,1761,168.3,5547,1885.47,2289.92,0.4762
51,male,170.9,74.2,5,1534,155.5,3138,1560.37,2691.63,1.0377
23,male,188.9,91.9,2,2082,213.7,5195,1989.7,2745.59,0.564
19,female,163.1,65.9,5,1852,139.2,4738,1422.51,2453.82,0.5645
30,female,154.2,78.7,5,2219,139.1,9148,1439.62,2690.75,0.4459
60,male,174.7,78.4,5,1962,165.6,9495,1580.83,2951.68,0.8813
60,male,165.6,63.9,3,1459,92.0,7938,1379.3,2284.81,0.7178
28,male,176.2,84.7,1,1475,151.4,4328,1813.91,2494.12,0.9731
64,female,167.6,73.8,6,1998,133.3,11966,1304.63,2598.78,0.5537
40,male,174.3,64.8,0,1730,101.5,6459,1542.12,1923.5,0.1877
33,female,154.5,72.2,1,1814,102.7,9008,1361.38,2072.3,0.2484
48,male,170.9,85.0,2,2328,130.3,7623,1683.23,2445.59,0.0704
28,female,159.2,81.9,1,2266,168.2,8021,1512.65,2230.95,0.0134
33,female,163.7,70.6,0,2629,155.5,8920,1403.04,1879.65,-0.5
25,male,178.3,81.4,6,1889,194.4,5759,1808.65,3157.87,1.1779
21,female,171.0,77.4,6,1776,135.1,10763,1576.82,3008.16,1.1643
57,male,173.9,90.2,0,2146,180.3,3551,1708.9,2050.68,-0.0845
21,female,154.0,62.8,2,1804,146.8,4903,1324.13,1820.68,-0.02
42,male,173.6,74.4,0,1815,116.6,10731,1623.52,2234.77,0.3066
20,female,162.9,66.6,2,1929,141.1,8975,1422.99,2155.36,0.2044
49,female,158.6,59.8,2,2578,128.8,13850,1183.32,2069.56,-0.4551
20,female,161.2,74.5,0,2246,111.0,7670,1492.24,1924.19,-0.3103
44,female,160.3,84.9,4,2283,192.1,11751,1470.07,2616.16,0.3069
46,male,182.7,80.6,6,2563,178.4,2856,1722.64,2971.55,0.3845
49,male,170.2,69.5,2,2316,99.7,3966,1518.96,2088.57,-0.1768
36,male,179.5,82.3,0,1604,122.7,9738,1769.73,2360.57,0.6809
38,male,181.0,86.2,7,2311,124.8,3149,1807.62,3434.47,1.0204
22,female,159.6,70.6,4,2355,122.4,7006,1432.3,2320.36,-0.0368
35,male,170.9,88.1,6,2228,168.3,10418,1779.53,3340.58,1.0123
45,female,165.0,67.7,2,1932,130.9,8752,1322.64,2006.23,0.0525
59,female,163.9,71.4,6,2191,119.1,7527,1282.44,2338.55,0.1184
39,female,156.2,72.7,4,1993,167.9,6377,1346.76,2156.33,0.1349
38,male,184.0,85.9,6,1658,152.0,8005,1824.22,3297.03,1.495
23,female,176.3,79.7,3,1745,115.2,8943,1623.26,2713.21,0.8551
18,female,163.1,63.1,5,2246,107.4,5847,1399.55,2456.57,0.1776
22,male,167.2,93.9,3,1683,181.4,8429,1879.41,3084.53,1.3284
58,female,163.2,71.5,4,1716,129.4,10196,1284.25,2250.39,0.5127
29,female,168.9,76.9,2,2264,128.7,6943,1518.92,2185.66,-0.0996
43,male,181.8,86.7,0,2047,132.8,7670,1793.36,2285.53,0.2429
63,male,178.1,75.0,1,2202,166.5,8709,1553.44,2321.43,0.1274
51,male,189.0,85.5,0,1570,204.9,8878,1786.13,2337.25,0.6945
31,male,175.7,73.6,6,2192,127.4,9696,1684.65,3140.82,0.8411
43,male,172.7,81.0,1,1769,144.4,4964,1679.37,2309.14,0.4664
62,male,178.1,77.9,1,1644,157.3,6177,1587.24,2241.31,0.5496
44,male,182.4,84.2,6,1823,178.4,6270,1766.92,3111.44,1.1458
26,male,165.0,65.9,6,2477,118.0,5240,1564.76,2711.22,0.2461
43,female,158.7,64.8,2,1872,149.3,3003,1263.37,1737.13,-0.0816
64,female,168.1,64.7,4,2770,126.8,1000,1216.58,1885.69,-0.5
39,female,169.9,70.8,7,1278,131.0,10488,1413.66,2960.36,1.5
64,male,184.7,62.5,0,1459,128.0,3615,1465.17,1758.2,0.2598
47,male,181.5,79.2,4,2463,186.4,11416,1696.43,2950.27,0.4211
60,male,192.0,82.1,3,2551,180.2,9348,1726.15,2892.93,0.3434
34,male,171.7,78.5,2,1698,113.0,6485,1693.34,2402.59,0.6881
43,male,182.8,82.6,2,2024,143.1,9041,1758.83,2620.44,0.601
53,female,169.3,86.2,7,2249,161.3,8562,1494.54,3017.73,0.7086
18,male,165.7,95.3,3,1920,163.4,4745,1903.74,2950.79,0.9632
25,female,161.0,81.5,0,2052,171.3,7462,1535.7,1965.94,-0.0693
52,female,154.9,66.1,5,2004,147.1,5050,1208.27,2086.77,0.1175
32,male,178.3,76.3,3,1481,162.6,9135,1722.14,2876.07,1.2808
64,male,173.6,85.1,0,1879,203.3,5711,1621.19,1980.98,0.1165
39,female,173.8,64.8,1,2004,108.3,7258,1378.1,2007.79,-0.0309
31,male,172.2,75.0,6,2036,170.5,7150,1675.58,2997.88,0.8674
43,male,177.0,77.8,2,1394,168.5,7803,1674.01,2441.91,0.9768
45,female,165.3,79.0,0,2264,139.3,11656,1437.41,2057.7,-0.1656
40,male,176.9,84.5,4,2045,180.4,6897,1755.61,2816.05,0.7276
31,female,159.4,65.8,7,1631,99.0,10544,1338.43,2820.22,1.0851
41,female,164.9,70.9,6,2630,155.2,8699,1373.4,2554.06,-0.0883
19,male,189.2,88.7,4,1879,171.4,11046,1979.99,3371.28,1.3551
62,male,169.9,70.1,6,1901,118.5,6653,1457.21,2596.34,0.6332
43,male,172.1,87.1,2,2225,179.1,9240,1736.62,2599.85,0.3484
31,male,173.6,83.0,3,2659,169.4,7351,1764.43,2852.42,0.1464
24,male,180.8,82.7,5,2238,133.2,1000,1842.31,3177.98,0.8462
20,female,166.6,78.1,3,2289,111.7,4775,1561.76,2420.72,0.117
64,male,178.0,76.3,0,1649,140.0,8955,1560.61,2070.48,0.3155
40,male,178.2,75.2,7,2030,148.0,8790,1670.06,3362.61,1.236
63,female,163.4,70.1,3,1814,159.7,4262,1246.96,1932.79,0.1132
60,female,164.1,77.9,2,2246,181.3,8050,1343.33,1999.58,-0.2165
64,female,154.7,71.2,7,2279,137.4,8758,1197.97,2464.05,0.1528
62,male,169.2,72.7,0,2572,156.7,7413,1479.87,1896.5,-0.4824
35,female,169.0,82.0,1,1245,150.9,9322,1540.49,2334.28,0.9657
55,female,158.6,70.0,3,1779,150.2,8981,1255.27,2144.72,0.312
52,male,162.0,67.3,3,2455,108.1,7412,1430.89,2338.48,-0.0872
32,male,180.7,83.4,5,1509,147.6,6222,1808.19,3180.23,1.5
42,female,163.1,65.3,0,2282,132.9,10106,1301.75,1817.4,-0.4607
54,male,173.7,64.7,4,2397,91.7,8657,1467.65,2457.7,0.1026
45,male,172.3,77.5,3,1990,164.5,4046,1632.07,2529.71,0.4678
27,male,184.0,77.6,2,1502,173.4,8052,1795.82,2621.86,1.0136
56,male,169.0,74.0,3,1957,133.2,4622,1521.22,2357.88,0.4164
34,female,155.5,62.2,5,2511,115.0,5088,1263.07,2183.2,-0.3594
56,female,146.7,75.7,1,2539,170.4,5870,1232.38,1738.02,-0.5
39,female,168.7,70.6,5,2073,153.6,7612,1404.12,2552.72,0.4496
43,male,184.5,79.5,3,1658,134.3,8436,1738.32,2866.2,1.024
61,male,162.0,75.9,7,2608,130.9,6477,1471.93,2870.51,0.1769
42,male,167.2,64.2,4,2287,133.5,6587,1482.22,2376.79,0.1166
34,male,177.1,68.1,6,1681,133.7,6241,1622.78,2861.35,1.0608
30,male,179.9,84.0,3,2120,131.2,10118,1819.66,3076.37,0.9354
37,female,159.6,68.3,0,2104,116.7,1000,1334.42,1601.3,-0.4879
42,male,178.2,73.0,3,1777,167.9,6728,1638.79,2626.52,0.7626
21,female,173.5,82.9,4,2122,173.1,11362,1647.13,2871.15,0.6974
27,male,174.3,71.9,0,2387,171.6,8793,1678.49,2203.84,-0.1525
20,male,188.1,82.5,2,1896,178.7,10667,1905.5,2903.42,0.9079
58,male,169.3,69.0,7,2423,161.6,2414,1463.06,2779.81,0.305
62,female,160.1,74.5,0,1386,120.4,4394,1274.26,1529.11,0.1374
35,female,157.0,81.3,5,2776,176.6,8785,1458.61,2705.36,-0.0233
64,female,174.0,63.4,1,2020,90.0,11376,1240.23,2024.11,0.0266
53,male,169.7,77.3,5,2376,160.0,4646,1573.73,2714.68,0.2893
64,male,182.2,88.8,6,2077,166.1,6530,1712.25,3030.13,0.8372
39,female,163.5,70.2,0,1712,122.6,8503,1367.97,1816.71,0.0746
51,male,189.2,76.1,2,1987,172.2,3868,1693.55,2328.63,0.2721
64,female,168.4,79.1,3,1332,178.4,8804,1362.76,2302.47,0.887
25,male,180.0,89.0,7,2241,126.6,1000,1894.86,3600.24,1.2601
57,male,171.5,84.3,0,2068,169.4,8730,1635.32,2148.89,0.0716
61,male,175.0,81.7,5,1933,144.4,5012,1610.36,2778.47,0.8202
36,male,177.7,80.8,0,2263,146.6,6381,1743.54,2161.3,-0.0396
59,female,166.7,67.8,0,2013,151.4,9129,1264.31,1723.62,-0.254
58,male,167.1,82.1,0,2212,140.4,8618,1580.29,2077.25,-0.1018
54,male,181.2,88.0,2,2337,206.2,7480,1747.69,2527.07,0.1459
23,male,176.0,70.1,7,1808,110.7,9922,1690.71,3458.45,1.4892
43,male,172.8,80.7,4,1708,166.5,3249,1677.29,2599.8,0.8493
51,female,163.9,79.0,4,1397,163.6,8011,1398.11,2317.63,0.8195
62,female,161.3,79.6,0,2043,131.6,5524,1333.22,1626.06,-0.3343
23,female,162.3,72.4,2,2158,124.9,9795,1462.51,2250.71,0.1174
54,female,167.4,68.5,2,1537,153.1,9217,1300.4,1998.9,0.4427
50,male,162.4,69.0,6,2497,149.3,9308,1460.15,2734.16,0.1803
39,female,156.7,62.5,0,1712,108.0,11613,1248.47,1828.82,0.0967
38,male,186.4,83.5,5,1264,161.4,10315,1814.63,3395.98,1.5
23,male,160.7,70.3,5,2523,102.8,7106,1597.62,2861.19,0.2777
23,female,171.7,94.4,1,1309,151.9,7496,1741.74,2519.69,1.0945
21,male,184.4,90.1,7,2337,170.0,9002,1953.73,3912.19,1.4541
47,female,162.4,80.8,0,2252,120.1,7840,1426.95,1854.33,-0.3789
28,male,167.9,79.3,1,2112,178.0,9262,1707.85,2561.39,0.3833
47,female,159.6,68.9,5,1817,145.8,1924,1289.85,2224.98,0.3168
48,female,169.6,74.1,5,2176,173.7,12202,1399.73,2774.64,0.5326
41,female,174.4,77.0,0,2367,161.2,7652,1494.38,1925.85,-0.3778
26,female,159.4,73.2,1,1655,171.4,3443,1437.26,1976.23,0.2659
20,female,169.8,79.5,1,2342,155.5,5215,1595.81,2204.99,-0.1238
48,male,170.6,76.8,0,2326,153.6,2176,1598.81,1918.57,-0.3769
57,male,174.6,76.3,7,2103,181.3,4774,1574.24,2991.05,0.7877
54,male,171.5,72.4,6,1812,147.9,7144,1530.81,2747.86,0.8762
53,female,162.9,62.2,1,2327,89.0,11286,1214.18,1983.8,-0.2631
41,male,171.4,87.4,6,2178,185.6,8526,1744.76,3186.02,0.9466
48,female,164.5,91.7,3,1644,211.3,8082,1543.71,2546.84,0.7995
23,male,168.0,85.2,7,1871,187.1,4662,1792.04,3404.88,1.4538
19,male,176.1,69.2,5,2287,137.2,5438,1702.09,2958.0,0.6403
37,female,159.6,78.1,4,2040,161.8,5632,1432.92,2252.62,0.1795
45,male,158.2,79.4,7,2380,189.7,5734,1562.62,3005.68,0.5455
28,male,178.8,77.2,6,1880,115.1,6621,1755.01,3108.44,1.15
21,male,176.7,83.4,6,1650,172.4,6809,1838.43,3261.73,1.4704
32,female,169.2,72.5,6,2768,122.0,6652,1461.17,2603.12,-0.1752
23,female,156.6,82.7,2,1412,168.7,5821,1529.95,2144.73,0.662
47,male,183.7,85.6,7,1825,171.8,7837,1774.11,3512.65,1.4878
55,male,169.3,68.9,1,2098,107.0,6713,1476.87,2116.35,-0.008
19,male,182.9,87.6,1,2345,140.8,3511,1929.41,2652.94,0.3103
32,female,159.0,80.0,2,2226,161.8,7585,1473.45,2155.24,-0.0411
28,female,153.0,70.4,1,2809,107.6,7208,1359.74,1980.04,-0.4748
25,male,179.5,84.6,2,1959,140.9,3550,1848.3,2541.42,0.5544
43,male,179.4,80.2,6,1694,179.2,6021,1712.63,3005.34,1.1642
62,male,162.4,64.0,0,1923,110.5,8992,1350.05,1819.66,-0.1122
61,female,168.5,74.6,7,1888,140.9,4658,1333.19,2533.07,0.6302
22,female,158.7,75.6,3,1976,177.0,4394,1476.51,2288.59,0.2873
23,male,187.0,83.1,6,1656,135.3,6687,1890.13,3344.82,1.4559
43,male,179.3,87.1,3,2274,155.9,9057,1781.92,2964.83,0.6342
21,male,174.9,75.6,5,2130,151.6,12025,1748.98,3368.24,1.1455
36,female,157.5,68.3,6,1558,147.1,9147,1325.75,2494.26,0.8672
37,male,184.2,89.5,4,2339,206.1,10212,1866.25,3153.29,0.7123
50,female,160.7,74.1,1,1716,171.5,8366,1334.18,2002.8,0.3173
37,female,164.7,70.8,4,1586,154.2,5787,1391.93,2196.84,0.5103
29,male,175.1,87.1,0,2031,141.7,9129,1824.71,2396.1,0.3356
64,male,183.6,77.1,3,1385,109.9,7285,1603.44,2599.58,1.1565
18,male,180.5,75.4,7,2206,134.5,8442,1796.93,3586.27,1.2722
43,female,160.2,49.5,6,1200,80.0,5134,1119.72,1938.22,0.6962
31,female,158.2,66.7,7,1640,140.9,8666,1340.03,2729.35,0.959
55,female,163.5,84.0,0,2551,173.2,7198,1426.43,1821.62,-0.4896
54,female,161.8,56.2,0,1760,81.2,8078,1142.38,1524.75,-0.2147
28,male,172.4,69.9,1,1821,156.4,7287,1641.68,2371.66,0.4668
53,female,172.4,81.1,0,2446,133.7,6806,1462.63,1845.46,-0.474
30,female,163.4,55.6,6,1722,101.8,8711,1266.09,2369.55,0.5636
60,male,169.5,72.2,6,2267,149.2,6484,1485.78,2637.18,0.3153
20,female,157.7,80.1,7,2411,146.5,3528,1525.06,2897.61,0.4554
50,female,157.9,87.4,7,2167,160.9,2815,1449.73,2754.48,0.5293
23,female,154.2,71.7,3,1494,105.1,7961,1405.12,2325.99,0.7612
27,female,168.6,68.5,6,1789,123.3,6381,1442.29,2557.01,0.6924
22,female,149.6,59.6,4,2950,129.1,3177,1260.39,1953.61,-0.4576
40,female,165.9,75.8,3,1828,175.6,7766,1434.33,2361.5,0.457
27,male,175.0,81.0,1,3045,146.9,7265,1773.94,2552.42,-0.4619
61,male,186.0,98.6,3,2598,179.8,6250,1848.41,2927.54,0.3139
19,female,157.6,78.7,2,2182,165.5,8117,1515.99,2240.34,0.0237
30,male,175.5,79.7,7,2104,186.6,10787,1748.75,3611.98,1.3399
57,male,191.8,83.6,4,1837,139.4,10711,1754.72,3005.37,1.066
19,male,178.9,104.6,7,1969,192.5,7859,2074.13,4083.8,1.5
37,male,187.6,89.4,2,1759,196.4,7288,1886.73,2708.66,0.8933
18,female,164.0,68.4,2,1978,137.5,7894,1458.29,2149.85,0.1592
54,female,155.8,68.3,5,1523,103.2,8272,1226.16,2278.73,0.6667
26,male,182.3,75.0,6,1504,152.1,6829,1764.08,3134.48,1.4901
34,male,181.4,62.4,1,2455,99.0,7936,1592.35,2336.28,-0.0913
26,male,169.0,78.5,0,1436,150.0,3565,1716.66,2059.99,0.5754
28,female,162.4,87.4,2,2310,168.5,7703,1587.74,2318.3,0.0444
32,female,162.2,59.9,3,1337,136.4,8692,1292.15,2187.44,0.7427
41,male,187.7,84.9,0,2220,158.1,6275,1822.02,2250.17,0.0062
55,female,166.3,69.2,3,1927,116.2,7261,1295.64,2121.3,0.2092
52,female,162.2,77.2,7,2462,125.8,4721,1364.32,2592.2,0.0738
47,female,165.4,73.1,3,1884,166.2,4374,1368.49,2121.16,0.1996
48,female,159.7,61.0,0,1297,95.8,8027,1207.01,1599.76,0.2536
22,male,179.5,72.9,0,1934,133.1,5676,1746.05,2129.06,0.1302
61,female,159.6,65.2,6,2056,103.5,3057,1183.35,2041.28,-0.0189
31,male,180.8,92.1,3,1954,200.2,4720,1901.04,2946.61,0.9249
28,female,154.1,79.7,1,2201,149.4,5084,1459.5,2011.02,-0.1683
26,female,160.7,69.8,6,1802,122.3,9436,1411.81,2657.17,0.801
51,female,161.0,82.3,4,1558,144.9,7947,1413.13,2337.7,0.7447
29,female,164.7,72.7,5,1650,163.8,5320,1450.39,2517.92,0.7773
52,male,184.8,80.5,4,1819,157.3,6030,1705.14,2694.47,0.8748
52,female,155.5,70.4,1,1816,149.2,10780,1255.23,2014.95,0.1701
18,female,156.4,72.6,6,2842,166.9,9840,1452.57,2747.69,-0.0922
57,female,154.6,65.1,5,2439,149.9,4704,1171.39,2020.65,-0.4018
39,male,183.5,82.8,6,2240,143.1,10408,1784.73,3349.05,1.0243
46,male,172.6,84.0,0,2156,197.5,7298,1693.3,2146.87,-0.0171
25,male,169.9,77.5,5,2105,110.4,9499,1717.26,3187.22,0.9815
28,female,160.3,72.5,7,2107,128.8,7091,1426.09,2814.13,0.6369
58,female,170.1,80.5,3,2057,184.8,10464,1417.01,2469.56,0.3681
54,male,183.0,87.7,4,2014,146.8,4600,1755.1,2720.4,0.6469
31,male,175.9,78.7,5,1268,131.6,6861,1735.95,3087.56,1.4865
47,female,158.3,67.4,3,1871,114.8,10541,1267.92,2242.33,0.3256
52,female,156.9,72.1,6,1916,145.1,1518,1280.27,2208.47,0.2982
38,female,170.1,63.8,1,1738,117.3,7384,1350.06,1975.53,0.2073
54,female,173.0,76.2,5,1805,162.0,6516,1412.39,2512.17,0.6541
22,male,185.1,63.5,3,2105,145.8,9211,1687.01,2825.41,0.628
36,male,174.1,64.9,6,2269,134.7,10174,1562.01,2953.17,0.6089
31,female,160.1,57.4,6,2105,92.1,9325,1258.72,2387.54,0.2201
43,female,166.2,83.2,6,2260,194.0,8102,1494.46,2733.04,0.4858
21,female,171.5,77.3,1,2266,128.6,7601,1578.33,2300.25,0.0724
42,female,162.1,62.9,0,1895,97.4,6643,1270.93,1607.26,-0.2438
62,female,161.0,76.4,1,2184,113.8,8024,1299.38,1937.85,-0.1591
59,male,176.6,87.4,1,1389,171.6,11149,1687.87,2628.27,1.1499
42,male,167.0,79.2,7,1865,119.9,5423,1631.42,3120.85,1.1361
35,male,184.7,81.6,4,1824,125.6,6494,1800.81,2865.95,0.9581
57,male,171.3,78.9,6,2536,134.2,7311,1579.84,2840.77,0.3179
25,female,159.5,79.0,3,2118,132.9,10002,1501.1,2576.81,0.3907
56,female,159.4,68.0,5,1533,136.2,8058,1234.74,2282.83,0.6465
57,male,181.9,82.1,4,2208,182.0,9958,1677.9,2848.65,0.5945
31,male,166.3,72.8,6,2318,157.3,10085,1617.35,3044.18,0.6422
49,female,161.4,59.7,2,1969,99.3,8980,1200.15,1849.2,-0.1764
55,male,184.3,90.3,1,2242,148.5,4840,1784.68,2453.93,0.1557
50,female,162.7,89.7,2,1200,212.2,11652,1502.9,2399.09,1.0807
40,female,165.8,67.6,6,1200,95.2,11030,1351.85,2633.44,1.3046
32,female,161.7,80.5,4,1587,183.5,7658,1494.5,2449.37,0.7859
50,male,170.4,69.9,3,2052,111.9,4045,1518.95,2354.37,0.3349
42,male,187.0,85.2,4,2536,200.1,3598,1816.34,2815.32,0.2475
34,female,169.0,88.1,7,1606,153.5,8135,1606.61,3209.31,1.4661
50,female,163.7,69.5,3,1701,127.9,5745,1307.47,2063.83,0.2809
64,male,174.7,78.5,3,2031,165.4,3207,1561.54,2420.39,0.353
19,female,177.5,65.5,6,1828,130.1,3551,1507.85,2601.04,0.7131
31,male,173.2,72.6,0,1808,124.8,6325,1659.13,2057.2,0.1855
57,female,160.4,56.9,6,1852,111.3,7987,1126.07,2091.83,0.1896
57,male,168.4,79.2,1,2460,168.7,11014,1564.12,2451.37,0.0067
56,female,166.6,81.6,4,2391,117.7,8710,1416.2,2380.62,-0.0255
23,male,181.7,80.0,3,2008,112.9,6546,1825.49,2906.81,0.8138
23,male,175.0,81.0,6,2579,150.5,8449,1793.63,3266.46,0.6411
20,male,173.7,75.6,6,2178,115.8,8226,1746.39,3173.82,0.9663
24,male,181.5,87.6,4,2404,180.8,9348,1895.5,3155.43,0.6766
25,female,166.7,76.1,4,1699,122.8,7400,1516.47,2470.54,0.7546
59,female,172.1,61.5,7,1771,112.8,10090,1234.76,2600.54,0.6952
32,male,185.1,90.8,3,1767,145.1,9561,1910.34,3189.08,1.2968
64,male,171.3,74.0,5,1970,144.1,7706,1495.54,2715.11,0.6677
46,female,167.5,65.2,7,2021,98.8,7201,1307.6,2594.49,0.5054
50,female,158.0,67.6,2,2113,96.2,9799,1252.43,1962.04,-0.1179
47,female,162.1,57.7,1,2691,83.8,5716,1194.85,1678.72,-0.5
56,male,173.5,68.1,1,2252,160.2,3733,1489.85,2048.54,-0.2461
44,male,185.5,84.6,5,1820,130.5,3719,1790.6,3088.78,1.1059
53,female,162.4,74.9,0,1999,157.9,5509,1337.83,1630.84,-0.3129
46,male,164.3,76.4,7,2527,112.1,9149,1565.91,3182.68,0.5472
55,female,145.6,65.5,5,2274,98.9,6443,1129.46,2020.47,-0.2077
50,male,168.6,70.3,0,2522,134.2,8011,1511.92,1964.86,-0.4963
54,female,161.5,72.2,0,1831,134.7,6261,1300.58,1623.74,-0.1936
44,male,186.3,80.4,5,1751,189.0,6281,1753.22,3088.36,1.2134
50,female,165.4,61.4,1,1756,144.0,4936,1236.86,1700.68,-0.0349
21,male,184.5,76.8,2,1859,167.5,7270,1821.58,2618.17,0.6546
39,female,169.4,83.3,1,1628,166.9,7062,1536.23,2215.41,0.5354
19,male,183.8,95.4,6,2103,177.0,8531,2012.56,3648.22,1.3703
27,female,161.7,78.0,1,2109,136.9,8219,1494.22,2215.51,0.1014
22,female,170.2,88.9,1,2469,208.7,7007,1681.74,2412.74,-0.0314
27,female,159.7,72.5,7,1384,145.3,3734,1427.26,2711.8,1.2122
50,female,164.0,87.7,5,1670,173.6,10176,1490.94,2830.67,1.0738
55,female,166.4,91.3,5,2282,149.0,7287,1517.46,2731.98,0.3881
30,female,167.7,61.6,6,2064,89.1,7699,1353.19,2469.2,0.3663
48,male,173.1,79.7,6,2016,186.9,11501,1643.84,3160.68,1.0338
64,female,161.0,73.1,7,2442,125.3,9770,1256.71,2626.25,0.1581
53,male,178.1,76.8,5,1647,141.4,8616,1620.8,2976.68,1.1852
62,male,175.6,82.9,1,1745,125.6,7494,1621.57,2354.35,0.5411
41,male,180.9,81.7,2,1704,182.9,7470,1748.22,2527.3,0.7153
32,male,166.7,69.1,0,1295,98.7,8100,1578.24,2048.88,0.6341
46,female,174.6,78.4,4,2046,175.1,8517,1484.25,2476.44,0.3698
25,female,158.5,81.0,0,1817,124.7,11778,1514.76,2156.61,0.3275
22,female,170.7,78.3,6,1743,179.0,13683,1579.16,3158.21,1.2931
46,male,181.8,86.8,6,1680,185.0,8225,1779.97,3231.69,1.3727
64,male,188.2,82.5,0,1994,129.0,2116,1685.79,2022.95,0.0143
21,male,176.5,83.1,4,1721,163.3,5120,1833.94,2848.6,1.0463
29,male,172.4,67.9,1,2078,116.3,12028,1616.87,2574.59,0.4384
62,male,185.3,79.4,2,2161,125.3,9296,1647.28,2479.81,0.2476
19,male,185.2,82.5,2,1897,186.4,8565,1892.66,2780.66,0.8712
44,male,180.9,71.2,0,1873,128.4,7082,1627.65,2057.29,0.1624
48,female,173.0,71.2,4,2065,128.1,4527,1392.21,2157.93,0.0496
53,female,157.7,73.5,7,1990,115.3,11694,1294.27,2793.81,0.736
53,female,147.5,67.4,6,2466,120.2,5441,1169.68,2039.75,-0.3897
43,female,163.4,80.0,3,2111,181.6,9323,1444.61,2455.3,0.2664
60,female,168.7,71.1,1,2383,125.4,4248,1304.45,1793.62,-0.4972
44,male,167.8,76.0,7,2214,178.7,6961,1593.65,3125.99,0.8589
22,female,168.1,70.3,0,1539,164.9,9982,1482.19,2027.73,0.4377
37,female,156.8,76.2,2,1805,117.7,6875,1395.92,2013.15,0.1278
28,male,169.8,86.0,6,1983,135.6,6578,1786.11,3159.93,1.08
27,male,168.6,79.7,7,2304,180.4,7526,1720.66,3395.56,1.0105
57,female,155.9,78.6,7,2675,141.0,4159,1314.55,2497.65,-0.1786
55,male,174.2,78.7,5,1831,110.5,3689,1605.42,2769.35,0.8361
23,female,170.3,83.1,5,2019,139.1,9285,1619.06,3007.13,0.9657
25,female,165.8,75.2,4,2280,150.3,6444,1502.85,2401.62,0.0908
40,male,180.3,72.9,4,1980,160.4,9266,1661.4,2788.47,0.7015
64,male,180.7,83.3,0,2575,127.7,10295,1646.85,2240.97,-0.3033
43,male,186.3,75.9,7,1528,114.6,10496,1713.27,3530.02,1.5
63,male,182.9,101.0,3,2237,234.6,3447,1843.58,2857.55,0.5798
60,male,180.5,78.6,2,2234,169.0,5755,1618.63,2263.37,-0.0472
29,female,159.6,77.0,0,2403,153.1,8843,1461.0,1945.35,-0.4361
43,male,198.4,89.2,3,2022,193.5,8882,1922.17,3173.46,1.0816
30,male,169.3,66.3,6,2312,121.3,13123,1576.05,3124.83,0.7487
57,male,174.8,63.5,4,1913,137.0,5230,1447.35,2254.89,0.2739
35,female,153.1,74.9,5,1720,132.7,10420,1370.03,2634.3,0.8689
42,male,180.8,93.7,1,1668,154.1,8430,1862.24,2732.08,0.9959
50,male,178.1,74.2,7,1496,158.1,3399,1610.34,3059.64,1.413
64,female,162.5,59.9,6,1846,108.9,6130,1133.09,2011.07,0.1769
57,female,168.1,73.1,5,2109,174.0,8156,1335.28,2461.16,0.3801
60,male,184.8,75.7,2,1927,132.4,3239,1616.53,2222.72,0.2371
29,female,163.6,68.4,2,2069,158.8,2315,1400.48,1925.66,-0.1139
61,male,176.0,84.1,5,2432,196.1,3096,1640.37,2829.63,0.4209
53,male,183.5,82.2,6,1819,134.9,8147,1708.81,3105.05,1.1888
21,male,178.8,73.8,5,2819,162.3,6288,1756.05,3093.59,0.2269
22,male,179.3,85.4,3,2264,156.6,5950,1869.81,2945.7,0.6266
54,female,161.5,78.0,0,1931,180.8,6035,1358.37,1681.8,-0.1855
25,male,180.0,78.3,4,1923,144.9,3939,1788.05,2771.48,0.7407
59,male,174.6,79.7,3,1647,170.9,6358,1598.11,2544.98,0.8153
45,female,156.0,74.4,1,1991,138.8,2949,1332.58,1832.3,-0.1516
48,female,166.1,78.2,5,1243,127.2,10469,1418.91,2721.08,1.3244
26,male,170.7,77.2,1,2440,123.4,11730,1713.61,2692.71,0.2374
46,female,151.7,79.7,1,1200,145.6,1684,1354.81,1862.86,0.5996
31,male,179.0,85.2,3,2015,183.7,6327,1821.09,2889.03,0.8142
57,female,168.3,72.1,4,1600,144.6,6489,1326.97,2131.26,0.5176
58,female,166.5,71.4,6,1755,149.1,7063,1303.64,2351.94,0.5049
39,female,162.5,68.7,2,1800,115.5,10003,1346.19,2101.16,0.276
28,male,175.7,84.1,0,2674,158.3,6334,1804.59,2232.21,-0.4032
40,male,173.6,73.1,7,1614,105.6,7279,1621.46,3194.73,1.4433
18,male,179.4,77.3,2,2320,171.5,14947,1809.57,2985.51,0.6046
63,male,179.2,89.1,4,2406,212.9,7221,1700.6,2746.98,0.2804
54,male,172.3,79.1,7,1200,142.9,11915,1602.94,3391.34,1.5
38,female,158.8,81.0,2,1785,114.3,8754,1451.67,2183.75,0.4193
43,male,172.4,84.0,5,2520,131.8,6115,1706.96,3000.26,0.4534
63,male,172.1,68.0,5,1540,139.6,5698,1445.57,2528.52,0.9167
53,female,156.1,69.4,3,2419,139.7,7481,1243.89,2052.08,-0.33
40,male,175.4,86.8,1,1994,190.0,4683,1769.57,2433.16,0.4285
18,female,171.7,67.5,7,1979,111.7,5340,1497.52,2862.29,0.73
57,male,173.8,81.5,4,2024,176.4,6442,1621.5,2585.42,0.51
32,male,172.7,77.4,4,2120,161.6,8233,1698.51,2794.33,0.5959
38,male,184.4,68.9,2,1666,118.7,12064,1656.52,2630.92,0.882
64,male,169.9,77.4,3,1909,150.6,6287,1520.95,2421.82,0.4991
26,female,165.3,67.7,2,2130,104.7,8653,1418.73,2133.41,0.0039
26,male,174.3,69.1,2,2062,128.0,3430,1655.63,2276.49,0.1843
27,female,172.0,77.5,4,2122,176.8,10150,1554.25,2666.59,0.4528
43,male,186.6,68.5,2,1748,124.8,3195,1641.32,2256.81,0.4589
58,male,169.0,70.7,1,2221,158.3,9495,1478.13,2257.18,0.0528
52,female,150.7,88.2,2,2044,175.5,7297,1402.61,2043.43,-0.026
42,male,179.3,85.9,7,1447,136.7,7198,1774.76,3481.94,1.4399
43,female,154.5,62.5,1,1814,123.8,6749,1214.64,1757.58,0.0169
28,female,163.5,84.8,4,1687,161.7,4246,1569.4,2432.57,0.6882
55,female,159.9,64.0,3,1682,115.1,4379,1203.22,1865.0,0.1597
19,female,166.0,70.3,5,1833,106.8,9591,1484.65,2790.57,0.912
24,male,186.5,74.7,7,2215,135.7,7529,1797.58,3541.86,1.2107
35,male,179.0,82.6,1,1781,121.6,6731,1774.47,2526.45,0.718
44,male,178.7,91.3,3,2079,136.9,8608,1815.03,2993.7,0.8691
51,female,174.6,70.6,3,2021,128.2,7753,1380.97,2278.16,0.1952
44,female,165.7,58.1,1,1727,99.0,5517,1235.02,1724.01,0.0108
34,male,177.1,88.4,4,1879,205.7,13652,1826.38,3263.5,1.3101
60,female,166.3,87.3,0,2303,155.0,9351,1451.08,1958.85,-0.3426
61,male,182.5,66.2,3,2052,142.7,7817,1501.94,2468.86,0.349
41,female,163.0,77.0,3,2192,148.7,6215,1423.35,2266.94,0.0435
42,male,176.8,81.4,4,2445,171.2,9881,1714.01,2900.77,0.4407
24,female,170.1,70.2,4,2152,116.6,5531,1484.57,2327.63,0.168
23,female,157.8,59.9,2,1328,140.2,5320,1309.31,1816.3,0.3861
41,male,168.7,83.8,4,2095,161.8,11733,1692.85,2960.57,0.7974
50,male,160.7,73.8,3,1784,164.6,7576,1497.35,2449.69,0.5979
46,male,180.8,83.4,1,2634,147.2,5591,1738.88,2420.51,-0.1971
60,male,188.5,79.8,0,2140,119.8,7514,1681.51,2143.51,-0.0217
